PLAYER,SALARY,Score,THRU,Holes,RD1Rank,RD 2 Ranking,RD 3 Ranking,RD 4 Ranking,RD2 Regression,RD3 Regression,RD4 Regression,Win RK Going into RD2,Win RK Going into RD3,Win RK Going into RD4,Win,STAT RANK,MODEL RANK,R1 RANK,AVERAGE RD1,% Owned,CURRENT PLACE,RD1 PTS,RD2 PTS,RD3 PTS,RD 4 PTS,ODDS,VEGAS % ODDS,925 ODDS %,Group,Tee Time,Matchup Odds,TEE TIME (LOCAL),AM OR PM,`,PRE-TOURNAMENT ODDS,WIN %,VEGAS WIN %,925 WIN %,WIN DIFFERENCE,TOP 10 %,VEGAS TOP 10 %,925 TOP 10 %,TOP 10 DIFFERENCE,Model Average,Model Rank,FRL % DIF,FRL RANK,FRL Group Rank Total,FRL Group Rank,Win Average,Win Rank,Last 20 1st %,Win Rank Last 20,Top 5 Odds,Top 10 Odds,FRL Odds,Vegas FRL Odds,Vegas Top 5 Odds,Top 5 RK Vegas,Top 10 RK Vegas,FRL RK Vegas,Vegas FRL vs 925 (EDGE),Vegas Win RK vs 925,Vegas Win RK,VEGAS MATCHUP ODDS,VEGAS MATCHUP ODDS %,NINETOFIVE MATCHUP ODDS VS VEGAS,LIVE ACCURACY,LIVEDISTANCE,LIVE GIR,LIVE SG TOTAL,LIVE SG OT,LIVE SGT2G,LIVE SG AP,LIVE SG ARG,LIVE SG PUTT,LIVE FAIRWAYS HIT,LIVE GIRS HIT,LIVE ACCURACY RK,LIVE DISTANCE RK,LIVE GIR RK,LIVE SG TOTAL RK,LIVE SG OT RK,LIVE SGT2G RK,LIVE SG AP RK,LIVE SG ARG RK,LIVE SG PUTT RK,LIVE FAIRWAYS HIT RK,Strokes Gained Total #,Strokes Gained Off the Tee #,Strokes Gained Tee to Green #,Strokes Gained Putting #,Strokes Gained Around the Green #,Strokes Gained Approach #,Greens in Regulation,Fairway Hit %,SG TTL RK,SG OT RK,SG T2G RK,SG PUTT RK,SG ARG RK,SG AP RK,GIR RK,FH RK,SG TTL SZN - LIVE,SG OT SZN - LIVE,SG T2G SZN - LIVE,SG PUTT SZN - LIVE,SG ARG SZN - LIVE,SG AP SZN - LIVE,GIR SZN - LIVE,FH SZN - LIVE,IMPROVEMENT,NEXT RD EXPECTED RK,SG OT DIF % LIVE,SG TTL DIF % SZN,SG T2G SZN - LIVERK,SG PUTT SZN - LIVERK,SG ARG SZN - LIVERK,SG AP SZN - LIVERK,GIR SZN - LIVERK,FH SZN - LIVERK,COUNT OF PLAYER,SG TTL DIF % LIVE,SG TTL DIF % SZN Percentile,SG TTL %,,SG TTL SZN-LIVE,SG TTL SZN AVE,DY COLUMN + REGRESSION,NEXT ROUND RANK AV,SALARY RANK,OWNERSHIP RANK,LEVERANK RANK,OWN RK - LIVE SG TTL,LEV RK - LIVE SG TTL,OWN RK - LEV RK,SALARY - LIVE SG TTL,MODEL - LIVE SG TTL,SG TTL EXPECTATION NEXT ROUND,OVERALL IMPROVEMENT RANK,NEXT ROUND RANK,SCORE TO PAR,DESIGNER,STYLE,GREENS,LOCATION,SCORING,WEATHER,ROUND,TOURNAMENT,COURSE,STROKES GAINED TOTAL SZN / LIVE,HEADSHOT
Scottie Scheffler,14100,-2,25,18,1,1,5,9,6,3,3,25,11,13,18,1,1,1,1,30,25,68.05,93.47368421,60.67100057,58.90621135,176.9,0.57%,0.60%,"English, Harris / Scheffler, Scottie / Tie",0.475397287872372,47.54%,2026-03-08 11:40,Late,,176.9,,0.5621135469,1.748607046,1.186493499,,90.00,8.699537542,-81.30046246,2.333333333,1,0.6666666667,1,200,3,1,8,0.35,1,-10.7,100,1400,7.142857143,71.42857143,4,4,1,-99,,1,1.76,57.65%,-10.11%,53.57%,302.125,61.11%,0.2725,0.285,0.3825,-0.7225,0.82,-0.11,7.50001,11.000025,38,5,25,26,21,28,46,5,34,37,2.40,0.86,1.66,0.74,0.54,0.25,0.77,0.64,1,2,7,6,6,32,2,15,25,19,21,28,-1,14,23,22,13.25,94,0.7083333333,0.9722222222,8,5,99,9,4,4,72,0.6388888889,0.9861111111,0.3472222222,0.9861111111,46,46,2.8,3.685714286,1,1,15,-25,-11,-34,-25,-25,1,,,70,ARNOLD PALMER,PARKLAND,BERMUDA,FLORIDA,HARD,FAIR,4,ARNOLD PALMER INVITATIONAL,Arnold Palmer's Bay Hill Club & Lodge,0.2725 (-2.1255),"https://pga-tour-res.cloudinary.com/image/upload/c_fill,d_headshots_default.png,dpr_2.0,f_auto,g_face:center,h_350,q_auto,w_280/headshots_46046.png"
Rory McIlroy,11600,,,,2,12,,,,,,,,,,2,2,2,2,29,,57.89722222,76.8,0,0,,,,,,,,,,,,,0.9755163042,0.9755163042,,,4.853314946,4.853314946,2.444444444,2,1.333333333,2,200,3,2,10,0.2,2,190,100,1600,6.25,52.63157895,5,4,2,-98,,2,,,0.00%,,,,,,,,,,,,,,,,,,,,,,2.40,0.40,2.25,0.14,0.39,1.46,0.75,0.63,2,23,1,33,11,1,7,23,0,-23,-1,-33,-11,-1,-7,-23,1.333333333,78,1.319444444,0.6805555556,100,131,111,100,106,125,72,0,0,0,0,,,0,0,2,2,55,2,55,-34,2,2,,,,,ARNOLD PALMER,PARKLAND,BERMUDA,FLORIDA,HARD,FAIR,4,ARNOLD PALMER INVITATIONAL,, (-2.396),"https://pga-tour-res.cloudinary.com/image/upload/c_fill,d_headshots_default.png,dpr_2.0,f_auto,g_face:center,h_350,q_auto,w_280/headshots_28237.png"
Tommy Fleetwood,10300,6,49,18,4,3,19,22,1,1,1,44,26,27,65,4,3,4,4,21,49,56.24444444,84.4,52.71225581,50.154649,2150,0.05%,0.07%,"Harman, Brian / Fleetwood, Tommy / Tie",0.454787076391716,45.48%,2026-03-08 09:30,Late,,2150.0,,0.04649000465,0.6760521897,0.629562185,,45.00,3.36344373,-41.63655627,7,3,0,3,200,3,5.666666667,13,0.05,9,500,230,3000,3.333333333,20,9,10,6,-94,6,9,1.61,62.16%,-16.69%,58.93%,292.8,52.78%,-1.7275,-0.4725,-0.43,-0.49,0.535,-1.3025,8.24999,9.50004,27,26,47,49,40,40,41,10,49,26,2.15,0.44,1.76,0.39,1.11,0.21,0.71,0.64,5,20,4,19,1,36,36,16,44,20,36,30,9,5,11,10,25.25,120,0.7222222222,0.7222222222,4,4,10,16,12,11,72,0.3194444444,0.9305555556,0.6111111111,0.9305555556,44,44,1.8,7.542857143,3,3,6,-46,-43,-34,-46,-46,3,,,78,ARNOLD PALMER,PARKLAND,BERMUDA,FLORIDA,HARD,FAIR,4,ARNOLD PALMER INVITATIONAL,Arnold Palmer's Bay Hill Club & Lodge,-1.7275 (-3.8725),"https://pga-tour-res.cloudinary.com/image/upload/c_fill,d_headshots_default.png,dpr_2.0,f_auto,g_face:center,h_350,q_auto,w_280/headshots_30911.png"
Xander Schauffele,10000,-3,21,17,19,8,10,14,13,8,8,19,16,16,17,35,14,19,23,21,21,50.59166667,81.06666667,57.1243032,55.07598077,383.9,0.26%,0.29%,"Schauffele, Xander / Thorbjornsen, Michael / Tie",0.487776599453261,48.78%,2026-03-08 12:25,Late,,383.9,,0.2598077423,0.1276256537,-0.1321820885,,25.00,0.6349535012,-24.3650465,16,8,0,4,200,3,7.333333333,20,0.05,5,360,175,2500,4,27.77777778,7,7,4,-96,1,5,1.91,52.78%,-4.00%,52.73%,299.55,59.16%,0.41,0.1525,0.515,0.145,0.215,-0.105,7.381802909,10.6479,41,11,33,25,29,21,26,23,32,40,1.03,0.57,0.73,0.29,-0.09,0.25,0.70,0.58,24,11,28,26,47,34,42,54,1,18,-7,6,-24,-8,-9,-14,16,103,0.75,0.8472222222,107,17,128,109,107,110,72,0.6527777778,0.6666666667,0.01388888889,0.6666666667,30,30,10.8,12.4,4,4,10,-21,-15,-34,-21,-11,17,,,69,ARNOLD PALMER,PARKLAND,BERMUDA,FLORIDA,HARD,FAIR,4,ARNOLD PALMER INVITATIONAL,Arnold Palmer's Bay Hill Club & Lodge,0.41 (-0.616),"https://pga-tour-res.cloudinary.com/image/upload/c_fill,d_headshots_default.png,dpr_2.0,f_auto,g_face:center,h_350,q_auto,w_280/headshots_48081.png"
Matt Fitzpatrick,9800,1,41,18,3,2,16,19,3,2,2,38,21,24,31,9,4,3,5,19,41,57.10555556,84.53333333,53.91423741,51.95528011,1892.9,0.05%,0.08%,"Fitzpatrick, Matt / Kitayama, Kurt / Tie",0.456438481190096,45.64%,2026-03-08 11:30,Late,,1892.9,,0.05280109826,0.5137461666,0.4609450684,,30.00,2.555951078,-27.44404892,2.333333333,5,0,5,200,3,9.666666667,16,,12,700,300,3500,2.857142857,14.28571429,13,12,8,-92,7,12,2.12,47.92%,-2.28%,58.93%,290.625,62.50%,-0.4775,0.015,-1.155,-1.3225,0.155,0.68,8.24999,11.25,27,36,20,44,34,44,48,26,14,26,1.25,0.56,1.73,-0.49,0.05,1.12,0.76,0.70,18,13,5,58,35,4,3,6,26,21,39,-44,-9,44,17,20,23,112,0.7083333333,0.8194444444,3,142,109,1,9,5,72,0.3888888889,0.75,0.3611111111,0.75,34,34,5,8.857142857,5,7,13,-37,-31,-34,-39,-40,13,,,73,ARNOLD PALMER,PARKLAND,BERMUDA,FLORIDA,HARD,FAIR,4,ARNOLD PALMER INVITATIONAL,Arnold Palmer's Bay Hill Club & Lodge,-0.4775 (-1.7235),"https://pga-tour-res.cloudinary.com/image/upload/c_fill,d_headshots_default.png,dpr_2.0,f_auto,g_face:center,h_350,q_auto,w_280/headshots_40098.png"
Collin Morikawa,9600,-10,5,13,18,6,4,2,23,22,22,5,4,4,14,24,24,18,22,17,5,50.78611111,81.33333333,62.69476744,67.89166667,8.6,11.63%,11.66%,"Lee, Min Woo / Morikawa, Collin / Tie",0.483779209894019,48.38%,2026-03-08 13:30,Late,,8.6,,10.41666667,0.07222231909,-10.34444435,,15.00,0.3593150203,-14.64068498,25.44444444,20,0,14,200,3,20.66666667,3,0.05,8,500,220,3000,3.333333333,20,9,9,6,-94,-8,8,2.29,44.57%,3.81%,69.81%,292.609434,62.69%,2.0475,0.36,1.34,0.8325,0.1475,0.705,9.773584906,11.28362239,9,28,19,6,16,8,10,27,12,8,1.26,0.52,1.61,-0.35,0.01,1.08,0.74,0.68,17,16,8,55,41,5,13,7,-11,0,0,-43,-14,5,6,1,9,85,1,0.7777777778,18,141,116,16,16,19,72,0.9166666667,0.7638888889,-0.1527777778,0.7638888889,35,35,19.8,12.97142857,6,8,30,2,24,-34,0,18,12,,,62,ARNOLD PALMER,PARKLAND,BERMUDA,FLORIDA,HARD,FAIR,4,ARNOLD PALMER INVITATIONAL,Arnold Palmer's Bay Hill Club & Lodge,2.0475 (0.7845),"https://pga-tour-res.cloudinary.com/image/upload/c_fill,d_headshots_default.png,dpr_2.0,f_auto,g_face:center,h_350,q_auto,w_280/headshots_50525.png"
Russell Henley,9400,-9,7,14,14,5,6,5,21,9,9,6,5,5,4,28,8,14,17,15,7,51.8,81.73333333,59.93111111,62.35989011,90,1.11%,1.15%,"Henley, Russell / Hall, Harry / Tie",0.490844813046476,49.08%,2026-03-08 13:10,Late,,90.0,,1.098901099,0.2616230285,-0.8372780704,,45.00,1.301607107,-43.69839289,14.66666667,7,0,9,200,3,10.33333333,11,0.05,17,850,350,4000,2.5,11.76470588,18,17,13,-87,11,17,1.97,52.04%,-2.96%,69.81%,285.2943396,55.88%,1.8375,0.02,0.635,-0.1775,0.795,1.2,9.773587547,10.05886059,8,46,40,7,33,18,37,6,4,7,0.87,-0.05,0.43,0.45,-0.05,0.53,0.71,0.67,30,46,37,18,44,19,35,8,-23,-13,-19,-14,-38,18,5,-1,5.5,82,1.180555556,0.3611111111,122,113,137,8,17,101,72,0.9027777778,0.5833333333,-0.3194444444,0.5833333333,25,25,13.6,11.51428571,7,9,4,2,-3,-34,0,1,22,,,63,ARNOLD PALMER,PARKLAND,BERMUDA,FLORIDA,HARD,FAIR,4,ARNOLD PALMER INVITATIONAL,Arnold Palmer's Bay Hill Club & Lodge,1.8375 (0.9655),"https://pga-tour-res.cloudinary.com/image/upload/c_fill,d_headshots_default.png,dpr_2.0,f_auto,g_face:center,h_350,q_auto,w_280/headshots_34098.png"
Hideki Matsuyama,9300,1,41,18,6,7,17,25,4,4,4,39,23,25,60,11,6,6,8,7,41,55.48055556,81.2,53.21013333,49.65380807,2625,0.04%,0.06%,"Matsuyama, Hideki / Mitchell, Keith / Tie",0.491652213584153,49.17%,2026-03-08 10:00,Late,,2625.0,,0.03808073115,0.3442171281,0.306136397,,10.00,1.712523025,-8.287476975,11.33333333,4,0,6,200,3,11,21,,19,850,400,4000,2.5,11.76470588,18,19,13,-87,12,19,2.08,48.81%,0.35%,58.93%,290.5,56.94%,-0.4775,0.07,-0.315,-0.665,0.28,-0.1625,8.250025,10.25001,24,37,38,42,31,39,45,19,37,23,1.55,-0.33,1.18,0.37,0.68,0.83,0.69,0.60,9,60,13,21,2,8,49,42,33,-29,26,16,17,37,-11,-19,22.5,111,4,0.1666666667,5,10,8,4,110,116,72,0.4166666667,0.875,0.4583333333,0.875,41,41,4.4,9.914285714,8,27,2,-15,-40,-34,-34,-36,6,,,73,ARNOLD PALMER,PARKLAND,BERMUDA,FLORIDA,HARD,FAIR,4,ARNOLD PALMER INVITATIONAL,Arnold Palmer's Bay Hill Club & Lodge,-0.4775 (-2.0265),"https://pga-tour-res.cloudinary.com/image/upload/c_fill,d_headshots_default.png,dpr_2.0,f_auto,g_face:center,h_350,q_auto,w_280/headshots_32839.png"
Si Woo Kim,9200,-5,16,18,5,9,7,10,15,7,7,16,12,9,9,12,9,5,9,4,16,55.66111111,80,58.8294,58.05999001,1000,0.10%,0.13%,"Kim, Si Woo / Bridgeman, Jacob / Tie",0.479253739769788,47.93%,2026-03-08 11:50,Late,,1000.0,,0.0999000999,0.2321255228,0.1322254229,,20.00,1.154853347,-18.84514665,14.55555556,6,0,15,200,3,12.66666667,24,,24,1200,500,5000,2,8.333333333,23,23,22,-78,15,24,2.06,49.50%,-1.58%,66.07%,293.1070175,62.50%,1.0225,0.22,1.3925,0.81,0.3575,-0.3675,9.25001,11.25,11,25,20,17,27,7,11,15,42,10,1.39,0.57,2.06,-0.67,0.18,1.31,0.75,0.72,11,11,2,62,26,2,11,4,6,16,5,-20,-11,9,9,6,10.75,89,14,0.8472222222,14,116,111,13,13,14,72,0.7638888889,0.8472222222,0.08333333333,0.8472222222,39,39,8.6,9.514285714,9,34,7,17,-10,-34,-8,-8,8,,,67,ARNOLD PALMER,PARKLAND,BERMUDA,FLORIDA,HARD,FAIR,4,ARNOLD PALMER INVITATIONAL,Arnold Palmer's Bay Hill Club & Lodge,1.0225 (-0.3625),"https://pga-tour-res.cloudinary.com/image/upload/c_fill,d_headshots_default.png,dpr_2.0,f_auto,g_face:center,h_350,q_auto,w_280/headshots_37455.png"
Cameron Young,9100,-12,2,12,15,11,1,4,40,19,19,3,3,3,12,37,13,15,22,4,2,51.71666667,77.73333333,65.14285714,66.19009901,9.1,10.99%,11.02%,"Straka, Sepp / Young, Cameron / Tie",0.486571129905074,48.66%,2026-03-08 13:40,Late,,9.1,,9.900990099,0.1615205114,-9.739469588,,40.00,0.8035846337,-39.19641537,16.88888889,9,0,10,200,3,12.66666667,4,0.05,12,750,320,4000,2.5,13.33333333,16,14,13,-87,3,12,1.97,51.44%,-2.78%,73.08%,303.4153846,74.24%,2.5875,1.7475,2.075,0.3525,-0.025,0.5125,10.23078,13.36365818,5,2,3,3,1,5,22,37,17,4,0.71,0.37,0.66,0.05,0.11,0.18,0.69,0.59,36,24,30,38,29,40,48,47,-33,-23,-25,-21,8,-18,-45,-43,4.75,80,142,0.6666666667,128,118,12,118,139,139,72,0.9583333333,0.5,-0.4583333333,0.5,21,21,22.6,16.8,10,35,5,32,2,-34,7,10,26,,,60,ARNOLD PALMER,PARKLAND,BERMUDA,FLORIDA,HARD,FAIR,4,ARNOLD PALMER INVITATIONAL,Arnold Palmer's Bay Hill Club & Lodge,2.5875 (1.8745),"https://pga-tour-res.cloudinary.com/image/upload/c_fill,d_headshots_default.png,dpr_2.0,f_auto,g_face:center,h_350,q_auto,w_280/headshots_57366.png"
Robert MacIntyre,9000,-2,25,18,9,4,13,15,7,4,4,26,14,15,19,19,5,9,11,10,25,54.23333333,82.66666667,54.6104,54.35380807,2625,0.04%,0.07%,"MacIntyre, Robert / Novak, Andrew / Tie",0.519273415984781,51.93%,2026-03-08 10:35,Late,,2625.0,,0.03808073115,0.4054437998,0.3673630687,,30.00,2.017133333,-27.98286667,18.77777778,11,0,10,200,3,17,19,0.05,10,,,,,,1,1,,,-1,10,1.78,56.87%,-4.94%,57.14%,303.825,55.56%,0.2725,1.0975,-0.1925,-1.5275,0.2375,0.4625,7.999985,10.000035,31,1,41,26,2,36,50,21,19,30,0.83,0.40,-0.10,0.93,0.07,-0.58,0.68,0.60,31,22,55,3,33,64,52,40,-5,-20,-19,16,-12,-14,-11,-10,14.25,97,123,0.6944444444,122,10,114,115,110,106,72,0.6388888889,0.5694444444,-0.06944444444,0.5694444444,24,24,9.8,10.97142857,11,17,1,-9,-25,-34,-15,-21,23,,,70,ARNOLD PALMER,PARKLAND,BERMUDA,FLORIDA,HARD,FAIR,4,ARNOLD PALMER INVITATIONAL,Arnold Palmer's Bay Hill Club & Lodge,0.2725 (-0.5575),"https://pga-tour-res.cloudinary.com/image/upload/c_fill,d_headshots_default.png,dpr_2.0,f_auto,g_face:center,h_350,q_auto,w_280/headshots_52215.png"
Harris English,8900,-2,25,18,12,10,14,16,19,6,6,27,17,18,23,33,10,12,18,9,25,53.58333333,79.46666667,54.46815,54.25666223,1500,0.07%,0.10%,"English, Harris / Scheffler, Scottie / Tie",0.426278501235028,42.63%,2026-03-08 11:40,Late,,1500.0,,0.06662225183,0.2073342262,0.1407119743,,15.00,1.031513563,-13.96848644,20.22222222,13,0,20,200,3,23.66666667,25,,26,1200,550,5000,2,8.333333333,23,26,22,-78,5,26,3.03,33.84%,8.79%,58.93%,297.7,59.72%,0.2725,0.5125,-0.105,-0.095,-0.525,0.375,8.250025,10.750005,24,14,29,26,11,33,33,46,22,23,1.03,0.70,0.54,0.48,-0.11,-0.05,0.71,0.65,23,6,32,14,48,46,32,14,3,5,1,8,-2,-13,-3,9,15.5,101,16,-0.8472222222,16,16,100,111,101,12,72,0.6388888889,0.6805555556,0.04166666667,0.6805555556,31,31,12,13.85714286,12,23,3,-3,-23,-34,-14,-16,16,,,70,ARNOLD PALMER,PARKLAND,BERMUDA,FLORIDA,HARD,FAIR,4,ARNOLD PALMER INVITATIONAL,Arnold Palmer's Bay Hill Club & Lodge,0.2725 (-0.7545),"https://pga-tour-res.cloudinary.com/image/upload/c_fill,d_headshots_default.png,dpr_2.0,f_auto,g_face:center,h_350,q_auto,w_280/headshots_34099.png"
Patrick Cantlay,8800,,,,11,19,,,,,,,,,,17,17,11,15,10,,53.6,71.6,0,0,,,,,,,,,,,,,0.1160089556,0.1160089556,,,0.5771589832,0.5771589832,22.22222222,15,0,7,200,3,12,28,,3,330,150,2200,4.545454545,30.3030303,6,6,3,-97,-5,3,,,0.00%,,,,,,,,,,,,,,,,,,,,,,0.74,0.21,0.98,-0.24,0.30,0.48,0.75,0.59,35,31,19,49,16,22,10,48,0,-31,-19,-49,-16,-22,-10,-48,17.33333333,107,0,0,122,145,119,121,108,142,72,0,0,0,0,,,0,0,13,16,55,16,55,-34,13,17,,,,,ARNOLD PALMER,PARKLAND,BERMUDA,FLORIDA,HARD,FAIR,4,ARNOLD PALMER INVITATIONAL,, (-0.743),"https://pga-tour-res.cloudinary.com/image/upload/c_fill,d_headshots_default.png,dpr_2.0,f_auto,g_face:center,h_350,q_auto,w_280/headshots_35450.png"
Ben Griffin,8700,,,,10,18,,,,,,,,,,32,11,10,18,9,,53.61666667,72.4,0,0,,,,,,,,,,,,,0.1868652295,0.1868652295,,,0.9296777587,0.9296777587,19.88888889,12,0,24,200,3,18.66666667,22,0.1,41,4500,1600,10000,1,2.222222222,41,41,38,-62,27,41,,,0.00%,,,,,,,,,,,,,,,,,,,,,,0.46,-0.14,0.27,0.19,0.53,-0.12,0.71,0.64,43,49,42,32,7,52,32,20,0,-49,-42,-32,-7,-52,-32,-20,18,109,0,0,139,130,105,143,132,118,72,0,0,0,0,,,0,0,14,21,17,21,17,-34,14,11,,,,,ARNOLD PALMER,PARKLAND,BERMUDA,FLORIDA,HARD,FAIR,4,ARNOLD PALMER INVITATIONAL,, (-0.459),"https://pga-tour-res.cloudinary.com/image/upload/c_fill,d_headshots_default.png,dpr_2.0,f_auto,g_face:center,h_350,q_auto,w_280/headshots_54591.png"
Jake Knapp,8600,,,,7,21,,,,,,,,,,3,12,7,7,,,55.46666667,71.33333333,0,0,,,,,,,,,,,,,0.1708720319,0.1708720319,,,0.8501096113,0.8501096113,20.44444444,14,0,15,200,3,,23,,-,,,,,,,,,,,,,,0.00%,,,,,,,,,,,,,,,,,,,,,,2.18,0.48,1.09,1.10,0.18,0.43,0.69,0.60,3,18,15,2,25,25,46,41,0,-18,-15,-2,-25,-25,-46,-41,5,81,0,0,116,102,130,124,141,138,72,0,0,0,0,,,0,0,15,,55,0,55,-34,15,12,,,,,ARNOLD PALMER,PARKLAND,BERMUDA,FLORIDA,HARD,FAIR,4,ARNOLD PALMER INVITATIONAL,, (-2.183),"https://pga-tour-res.cloudinary.com/image/upload/c_fill,d_headshots_default.png,dpr_2.0,f_auto,g_face:center,h_350,q_auto,w_280/headshots_47420.png"
Viktor Hovland,8500,-6,12,15,20,14,15,11,32,19,19,14,15,12,10,57,21,20,33,20,12,50.48333333,75.73333333,54.00272263,57.40640158,176.3,0.57%,0.60%,"Fowler, Rickie / Hovland, Viktor / Tie",0.448927689990538,44.89%,2026-03-08 12:55,Late,,176.3,,0.5640157924,0.08590210988,-0.4781136826,,25.00,0.427373681,-24.57262632,26.22222222,21,0,13,200,3,21.33333333,15,0.05,5,400,190,2500,4,25,8,8,4,-96,-13,5,2.31,44.14%,0.75%,62.96%,287.6037037,59.42%,1.15,-0.4375,0.1925,0.5175,0.11,0.9525,8.814851111,10.69565478,16,44,31,12,39,31,18,29,8,15,0.15,-0.38,0.32,-0.17,-0.06,0.76,0.68,0.66,47,63,40,47,45,11,56,9,-35,-24,-9,-39,-16,7,-25,6,11.25,90,144,-0.4583333333,108,136,119,14,128,14,72,0.8333333333,0.3472222222,-0.4861111111,0.3472222222,13,13,25,21.71428571,16,5,14,-7,2,-34,4,9,34,,,66,ARNOLD PALMER,PARKLAND,BERMUDA,FLORIDA,HARD,FAIR,4,ARNOLD PALMER INVITATIONAL,Arnold Palmer's Bay Hill Club & Lodge,1.15 (0.999),"https://pga-tour-res.cloudinary.com/image/upload/c_fill,d_headshots_default.png,dpr_2.0,f_auto,g_face:center,h_350,q_auto,w_280/headshots_46717.png"
Ludvig Aberg,8400,-12,2,14,26,15,12,8,30,32,32,4,8,7,6,54,29,26,36,12,2,48,74.8,55.7174581,60.27173913,35.8,2.79%,2.83%,"Aberg, Ludvig / Gotterup, Chris / Tie",0.448168660521382,44.82%,2026-03-08 13:20,Late,,35.8,,2.717391304,0.06601846983,-2.651372835,,20.00,0.3284500987,-19.6715499,29.66666667,29,0,32,200,3,,7,,-,,,,,,,,,,,,2.16,46.99%,-2.17%,73.58%,301.787037,70.59%,2.5875,0.7175,2.2475,1.2425,0.28,0.34,10.30186038,12.70594059,2,6,8,3,6,4,5,18,23,1,-0.04,0.08,0.06,-0.10,0.02,-0.04,0.72,0.59,49,38,47,45,39,45,26,46,-46,-32,-43,-22,-21,-40,-18,-45,8.75,84,149,-0.9166666667,141,119,125,136,116,140,72,0.9583333333,0.3194444444,-0.6388888889,0.3194444444,12,12,31.6,22.94285714,17,13,25,10,22,-34,14,26,35,,,60,ARNOLD PALMER,PARKLAND,BERMUDA,FLORIDA,HARD,FAIR,4,ARNOLD PALMER INVITATIONAL,Arnold Palmer's Bay Hill Club & Lodge,2.5875 (2.6275),"https://pga-tour-res.cloudinary.com/image/upload/c_fill,d_headshots_default.png,dpr_2.0,f_auto,g_face:center,h_350,q_auto,w_280/headshots_52955.png"
Chris Gotterup,8300,-6,12,14,21,16,9,6,30,12,12,13,9,8,8,15,18,21,18,5,12,50.01666667,74.13333333,57.18255034,61.36881838,44.7,2.24%,2.27%,"Aberg, Ludvig / Gotterup, Chris / Tie",0.456118424821415,45.61%,2026-03-08 13:20,Late,,44.7,,2.188183807,0.1058460885,-2.082337719,,30.00,0.5265974554,-29.47340254,30,30,0,33,200,3,,9,0.15,-,,,,,,,,,,,,2.29,44.36%,1.25%,47.17%,302.5622642,67.65%,1.0875,0.345,1.315,0.705,0.2625,-0.2275,6.603786792,12.17650235,46,4,11,14,18,9,13,20,39,45,1.60,0.78,1.78,-0.18,0.44,0.55,0.71,0.57,8,4,3,48,9,18,34,57,6,14,6,-9,11,-5,-23,-12,11.5,91,14,9,13,108,9,106,123,108,72,0.8055555556,0.8888888889,0.08333333333,0.8888888889,42,42,17.8,14.54285714,18,32,9,18,-5,-34,4,4,5,,,66,ARNOLD PALMER,PARKLAND,BERMUDA,FLORIDA,HARD,FAIR,4,ARNOLD PALMER INVITATIONAL,Arnold Palmer's Bay Hill Club & Lodge,1.0875 (-0.5085),"https://pga-tour-res.cloudinary.com/image/upload/c_fill,d_headshots_default.png,dpr_2.0,f_auto,g_face:center,h_350,q_auto,w_280/headshots_59095.png"
Kurt Kitayama,8200,-3,21,18,25,16,18,21,19,9,9,20,18,20,21,26,20,25,24,,21,48.7,74.13333333,53.1621982,50.554588,2178.6,0.05%,0.07%,"Fitzpatrick, Matt / Kitayama, Kurt / Tie",0.436234946852752,43.62%,2026-03-08 11:30,Late,,2178.6,,0.04587997798,0.09085984058,0.0449798626,,25.00,0.4520390079,-24.54796099,23.77777778,18,0,24,200,3,22.33333333,35,0.05,36,2500,1100,7000,1.428571429,4,36,37,32,-68,16,36,2.34,43.48%,0.14%,62.50%,290.8,62.50%,0.5225,0.8625,0.1075,0.04,-0.7975,0.4175,8.75,11.25,18,34,20,22,4,32,27,50,20,17,0.96,0.51,0.91,0.06,-0.28,0.68,0.75,0.62,26,17,24,37,57,14,6,34,-4,-13,8,-17,-7,13,14,-17,16,103,122,111,10,114,105,10,10,115,72,0.6944444444,0.6388888889,-0.05555555556,0.6388888889,29,29,14.6,18.08571429,19,,16,-22,-6,-34,-3,-2,18,,,69,ARNOLD PALMER,PARKLAND,BERMUDA,FLORIDA,HARD,FAIR,4,ARNOLD PALMER INVITATIONAL,Arnold Palmer's Bay Hill Club & Lodge,0.5225 (-0.4405),"https://pga-tour-res.cloudinary.com/image/upload/c_fill,d_headshots_default.png,dpr_2.0,f_auto,g_face:center,h_350,q_auto,w_280/headshots_48117.png"
Shane Lowry,8100,,,,8,23,,,,,,,,,,8,7,8,8,10,,55.05,69.6,0,0,,,,,,,,,,,,,0.2766233903,0.2766233903,,,1.376235773,1.376235773,16.88888889,9,0,7,200,3,,17,,-,,,,,,,,,,,,,,0.00%,,,,,,,,,,,,,,,,,,,,,,1.76,0.26,1.03,0.73,-0.27,0.68,0.73,0.64,7,28,17,7,55,13,20,16,0,-28,-17,-7,-55,-13,-20,-16,4.666666667,79,0,130,119,105,142,111,120,113,72,0,0,0,0,,,0,0,20,18,55,18,55,-34,20,7,,,,,ARNOLD PALMER,PARKLAND,BERMUDA,FLORIDA,HARD,FAIR,4,ARNOLD PALMER INVITATIONAL,, (-1.762),"https://pga-tour-res.cloudinary.com/image/upload/c_fill,d_headshots_default.png,dpr_2.0,f_auto,g_face:center,h_350,q_auto,w_280/headshots_33204.png"
Sam Burns,8000,,,,27,28,,,,,,,,,,44,25,27,32,13,,47.9,68.13333333,0,0,,,,,,,,,,,,,0.0707001102,0.0707001102,,,0.3517418418,0.3517418418,26.66666667,22,0,17,200,3,17.66666667,33,,12,700,300,3500,2.857142857,14.28571429,13,12,8,-92,-1,12,,,0.00%,,,,,,,,,,,,,,,,,,,,,,0.18,0.16,-0.09,0.26,-0.53,0.29,0.72,0.57,45,35,54,27,64,29,29,58,0,-35,-54,-27,-64,-29,-29,-58,23.33333333,113,0,137,145,125,149,128,131,147,72,0,0,0,0,,,0,0,21,12,55,12,55,-34,21,25,,,,,ARNOLD PALMER,PARKLAND,BERMUDA,FLORIDA,HARD,FAIR,4,ARNOLD PALMER INVITATIONAL,, (-0.176),"https://pga-tour-res.cloudinary.com/image/upload/c_fill,d_headshots_default.png,dpr_2.0,f_auto,g_face:center,h_350,q_auto,w_280/headshots_47504.png"
Rickie Fowler,8000,-8,8,15,17,13,8,7,21,12,12,8,7,6,5,29,16,17,21,2,8,51.08333333,75.86666667,57.486,60.8490099,100,1.00%,1.03%,"Fowler, Rickie / Hovland, Viktor / Tie",0.451669551916548,45.17%,2026-03-08 12:55,Late,,100.0,,0.9900990099,0.1215213502,-0.8685776597,,15.00,0.6045838317,-14.39541617,22.44444444,16,0,12,200,3,17.33333333,12,,10,600,275,3500,2.857142857,16.66666667,11,11,8,-92,-2,10,2.15,47.36%,-2.20%,72.22%,291.3666667,68.12%,1.65,0.655,0.8225,0.1825,-0.0175,0.825,10.11108519,12.26082522,6,32,9,8,9,16,25,35,10,5,0.90,0.21,0.20,0.70,-0.53,0.52,0.73,0.63,29,30,44,8,65,20,20,25,-21,-21,-28,2,-30,5,-11,-20,8,83,133,120,129,20,133,16,110,118,72,0.8888888889,0.5972222222,-0.2916666667,0.5972222222,26,26,16.4,14.62857143,21,41,8,33,0,-34,13,8,21,,,64,ARNOLD PALMER,PARKLAND,BERMUDA,FLORIDA,HARD,FAIR,4,ARNOLD PALMER INVITATIONAL,Arnold Palmer's Bay Hill Club & Lodge,1.65 (0.752),"https://pga-tour-res.cloudinary.com/image/upload/c_fill,d_headshots_default.png,dpr_2.0,f_auto,g_face:center,h_350,q_auto,w_280/headshots_32102.png"
Justin Rose,7900,,,,31,30,,,,,,,,,,38,40,31,36,5,,47.1,67.33333333,0,0,,,,,,,,,,,,,0.03751313408,0.03751313408,,,0.22322967,0.22322967,40.11111111,45,0,38,200,3,36,47,0.1,26,1400,550,5000,2,7.142857143,27,26,22,-78,1,26,,,0.00%,,,,,,,,,,,,,,,,,,,,,,0.70,-0.02,0.36,0.34,-0.38,0.76,0.76,0.59,38,43,39,23,61,10,5,50,0,-43,-39,-23,-61,-10,-5,-50,26,123,0,142,136,122,145,110,103,143,72,0,0,0,0,,,0,0,23,31,55,31,55,-34,23,40,,,,,ARNOLD PALMER,PARKLAND,BERMUDA,FLORIDA,HARD,FAIR,4,ARNOLD PALMER INVITATIONAL,, (-0.702),"https://pga-tour-res.cloudinary.com/image/upload/c_fill,d_headshots_default.png,dpr_2.0,f_auto,g_face:center,h_350,q_auto,w_280/headshots_22405.png"
Min Woo Lee,7900,-8,8,13,22,19,20,12,34,31,31,9,10,11,13,6,33,22,20,2,8,49.95,71.6,52.19187817,57.03309179,19.7,5.08%,5.11%,"Lee, Min Woo / Morikawa, Collin / Tie",0.420253723020434,42.03%,2026-03-08 13:30,Late,,19.7,,4.830917874,0.04883600356,-4.782081871,,15.00,7.790608749,-7.209391251,29.22222222,28,0,30,200,3,,6,0.05,-,,,,,,,,,,,,2.17,46.99%,-4.96%,60.38%,297.8754717,64.18%,1.5475,0.415,1.5375,0.6075,0.515,0.005,8.452875094,11.55224955,23,13,15,10,15,6,16,11,29,22,1.39,0.68,0.91,0.48,0.41,-0.18,0.71,0.65,10,7,23,15,10,55,36,11,0,8,-17,14,1,-39,-21,11,13.25,94,18,12,119,13,18,134,121,10,72,0.8611111111,0.8611111111,0,0.8611111111,40,40,26.2,21.6,23,42,24,32,14,-34,13,23,7,,,64,ARNOLD PALMER,PARKLAND,BERMUDA,FLORIDA,HARD,FAIR,4,ARNOLD PALMER INVITATIONAL,Arnold Palmer's Bay Hill Club & Lodge,1.5475 (0.1585),"https://pga-tour-res.cloudinary.com/image/upload/c_fill,d_headshots_default.png,dpr_2.0,f_auto,g_face:center,h_350,q_auto,w_280/headshots_37378.png"
Maverick McNealy,7800,-5,16,18,33,23,25,23,43,32,32,17,24,23,22,34,32,33,33,12,16,46.46666667,69.6,48.26838095,49.95761325,1312.5,0.08%,0.10%,"Noren, Alex / McNealy, Maverick / Tie",0.459921801777734,45.99%,2026-03-08 12:00,Late,,1312.5,,0.0761324705,0.04926131766,-0.02687115284,,20.00,10.29313967,-9.706860332,36.44444444,37,0,41,200,3,,37,,-,,,,,,,,,,,,2.16,46.99%,-0.99%,53.57%,300.325,62.50%,1.0225,0.85,1.0275,-0.36,0.5375,-0.0075,7.50001,11.25,38,9,20,16,5,14,40,9,30,37,0.95,0.40,0.97,-0.02,0.17,0.39,0.70,0.61,27,21,20,41,27,27,43,37,-11,-16,-6,-11,-18,13,-23,0,16,103,126,115,105,110,124,10,123,20,72,0.7777777778,0.625,-0.1527777778,0.625,28,28,32.6,28.22857143,25,14,21,-2,5,-34,9,16,19,,,67,ARNOLD PALMER,PARKLAND,BERMUDA,FLORIDA,HARD,FAIR,4,ARNOLD PALMER INVITATIONAL,Arnold Palmer's Bay Hill Club & Lodge,1.0225 (0.0735000000000002),"https://pga-tour-res.cloudinary.com/image/upload/c_fill,d_headshots_default.png,dpr_2.0,f_auto,g_face:center,h_350,q_auto,w_280/headshots_46442.png"
Adam Scott,7800,-7,11,17,16,22,11,13,35,14,14,12,13,10,7,10,19,16,15,9,11,51.15,70.53333333,56.64010771,56.36415228,705.6,0.14%,0.17%,"Scott, Adam / Vegas, Jhonattan / Tie",0.464321986600496,46.43%,2026-03-08 12:35,Late,,705.6,,0.1415227852,0.09154367409,-0.04997911108,,5.00,3.044749583,-1.955250417,26.66666667,22,0,23,200,3,,27,,-,,,,,,,,,,,,1.67,60.07%,-13.64%,43.64%,299.5727273,59.16%,1.41,-0.095,0.71,0.7275,0.075,0.7,6.109096,10.64794563,49,10,32,11,35,17,12,30,13,48,1.37,0.84,1.28,0.09,-0.16,0.59,0.73,0.65,12,3,10,35,52,15,20,12,-1,32,7,-22,-22,-3,12,36,10.25,87,119,3,11,119,126,103,11,2,72,0.8472222222,0.8333333333,-0.01388888889,0.8333333333,38,38,18.8,18.25714286,25,19,11,8,0,-34,14,8,9,,,65,ARNOLD PALMER,PARKLAND,BERMUDA,FLORIDA,HARD,FAIR,4,ARNOLD PALMER INVITATIONAL,Arnold Palmer's Bay Hill Club & Lodge,1.41 (0.04),"https://pga-tour-res.cloudinary.com/image/upload/c_fill,d_headshots_default.png,dpr_2.0,f_auto,g_face:center,h_350,q_auto,w_280/headshots_24502.png"
Jason Day,7700,,,,28,35,,,,,,,,,,41,28,28,32,6,,47.69166667,65.73333333,0,0,,,,,,,,,,,,,0.06738980125,0.06738980125,,,0.4010169629,0.4010169629,30.77777778,32,0,21,200,3,22,36,,12,600,320,3500,2.857142857,16.66666667,11,14,8,-92,-7,12,,,0.00%,,,,,,,,,,,,,,,,,,,,,,1.06,-0.01,0.31,0.76,0.38,-0.07,0.73,0.59,20,42,41,5,12,47,24,45,0,-42,-41,-5,-12,-47,-24,-45,16,103,0,141,138,104,114,141,127,140,72,0,0,0,0,,,0,0,27,29,55,29,55,-34,27,28,,,,,ARNOLD PALMER,PARKLAND,BERMUDA,FLORIDA,HARD,FAIR,4,ARNOLD PALMER INVITATIONAL,, (-1.062),"https://pga-tour-res.cloudinary.com/image/upload/c_fill,d_headshots_default.png,dpr_2.0,f_auto,g_face:center,h_350,q_auto,w_280/headshots_28089.png"
Jacob Bridgeman,7700,-3,21,18,23,25,21,24,28,14,14,21,20,22,24,21,22,23,22,,21,49.37222222,69.46666667,50.31676667,49.65666223,1500,0.07%,0.09%,"Kim, Si Woo / Bridgeman, Jacob / Tie",0.414455822505983,41.45%,2026-03-08 11:50,Late,,1500.0,,0.06662225183,0.08538761324,0.01876536141,,20.00,10.50811667,-9.491883331,23.22222222,17,0,19,200,3,,32,0.05,-,,,,,,,,,,,,2.43,42.11%,-0.66%,60.71%,291.5,58.33%,0.5225,0.2175,-0.47,-0.1825,-0.505,0.9925,8.499995,10.50003,22,31,35,24,28,41,38,44,7,21,2.18,0.07,0.91,1.28,-0.08,0.92,0.74,0.57,4,39,25,1,46,6,14,55,20,-11,16,6,-2,32,21,-34,17.5,108,9,110,9,17,100,6,6,136,72,0.6666666667,0.9444444444,0.2777777778,0.9444444444,45,45,15,19.57142857,27,,19,-24,-5,-34,3,-2,2,,,69,ARNOLD PALMER,PARKLAND,BERMUDA,FLORIDA,HARD,FAIR,4,ARNOLD PALMER INVITATIONAL,Arnold Palmer's Bay Hill Club & Lodge,0.5225 (-1.6585),"https://pga-tour-res.cloudinary.com/image/upload/c_fill,d_headshots_default.png,dpr_2.0,f_auto,g_face:center,h_350,q_auto,w_280/headshots_60004.png"
Justin Thomas,7600,,,,29,34,,,,,,,,,,51,27,29,36,12,,47.38611111,65.86666667,0,0,,,,,,,,,,,,,0.06843437486,0.06843437486,,,0.4072329143,0.4072329143,28.55555556,26,0,27,200,3,,34,0.05,-,,,,,,,,,,,,,,0.00%,,,,,,,,,,,,,,,,,,,,,,,,,,,,,,,,,,,,,,0,0,0,0,0,0,0,0,13.5,96,0,18,18,22,19,20,20,20,72,0,0,0,0,,,0,0,29,15,55,15,55,-34,29,27,,,,,ARNOLD PALMER,PARKLAND,BERMUDA,FLORIDA,HARD,FAIR,4,ARNOLD PALMER INVITATIONAL,, (0),"https://pga-tour-res.cloudinary.com/image/upload/c_fill,d_headshots_default.png,dpr_2.0,f_auto,g_face:center,h_350,q_auto,w_280/headshots_33448.png"
Pierceson Coody,7600,,,,13,33,,,,,,,,,,21,15,13,16,,,52.56666667,66,0,0,,,,,,,,,,,,,0.1246971228,0.1246971228,,,0.7420360428,0.7420360428,28.22222222,25,0,24,200,3,,26,,-,,,,,,,,,,,,,,0.00%,,,,,,,,,,,,,,,,,,,,,,1.33,0.70,1.27,0.07,0.06,0.51,0.76,0.57,13,5,11,36,34,21,4,56,0,-5,-11,-36,-34,-21,-4,-56,9.333333333,86,0,104,111,134,135,120,102,145,72,0,0,0,0,,,0,0,29,,12,0,12,-34,29,15,,,,,ARNOLD PALMER,PARKLAND,BERMUDA,FLORIDA,HARD,FAIR,4,ARNOLD PALMER INVITATIONAL,, (-1.334),"https://pga-tour-res.cloudinary.com/image/upload/c_fill,d_headshots_default.png,dpr_2.0,f_auto,g_face:center,h_350,q_auto,w_280/headshots_59836.png"
Keegan Bradley,7500,,,,36,37,,,,,,,,,,39,36,36,37,9,,45.91388889,64.13333333,0,0,,,,,,,,,,,,,0.0437780881,0.0437780881,,,0.2605105759,0.2605105759,41.25,47,0,35,200,3,36.66666667,42,0.05,22,1200,450,4500,2.222222222,8.333333333,23,22,18,-82,-4,22,,,0.00%,,,,,,,,,,,,,,,,,,,,,,-0.05,0.27,0.42,-0.47,0.67,-0.52,0.66,0.64,50,27,38,57,3,62,63,22,0,-27,-38,-57,-3,-62,-63,-22,28.66666667,128,0,129,135,148,102,147,147,124,72,0,0,0,0,,,0,0,31,20,55,20,55,-34,31,36,,,,,ARNOLD PALMER,PARKLAND,BERMUDA,FLORIDA,HARD,FAIR,4,ARNOLD PALMER INVITATIONAL,, (0.052),"https://pga-tour-res.cloudinary.com/image/upload/c_fill,d_headshots_default.png,dpr_2.0,f_auto,g_face:center,h_350,q_auto,w_280/headshots_33141.png"
Akshay Bhatia,7500,-12,2,11,34,27,3,3,35,36,36,2,2,2,155,20,38,34,31,2,2,46.26111111,68.53333333,63.08095238,66.22580645,2.1,47.62%,47.64%,"Berger, Daniel / Bhatia, Akshay / Tie",0.459035974902958,45.90%,2026-03-08 13:50,Late,,2.1,,32.25806452,0.03996448558,-32.21810003,,10.00,5.237816945,-4.762183055,31.22222222,34,0,39,200,3,,2,,-,,,,,,,,,,,,2.14,47.55%,-1.65%,43.14%,290.4096154,55.38%,2.67,-1.1675,0.2325,0.0125,1.39,2.435,6.039188235,9.969214154,50,39,44,2,47,30,29,1,1,49,1.05,-0.04,0.71,0.34,0.17,0.59,0.72,0.58,21,45,29,24,28,16,26,52,-19,2,1,-23,-27,13,18,-3,10.5,88,131,17,16,122,131,10,7,102,72,0.9722222222,0.7083333333,-0.2638888889,0.7083333333,32,32,31.2,21.74285714,31,40,28,38,26,-34,29,36,15,,,60,ARNOLD PALMER,PARKLAND,BERMUDA,FLORIDA,HARD,FAIR,4,ARNOLD PALMER INVITATIONAL,Arnold Palmer's Bay Hill Club & Lodge,2.67 (1.621),"https://pga-tour-res.cloudinary.com/image/upload/c_fill,d_headshots_default.png,dpr_2.0,f_auto,g_face:center,h_350,q_auto,w_280/headshots_56630.png"
Jordan Spieth,7400,-6,12,16,39,32,23,18,37,28,28,15,19,19,15,55,31,39,42,9,12,45.10833333,66.8,49.65370448,52.19168404,238.9,0.42%,0.45%,"Cauley, Bud / Spieth, Jordan / Tie",0.443128740796965,44.31%,2026-03-08 12:45,Late,,238.9,,0.4168403501,0.05789335443,-0.3589469957,,15.00,7.84450639,-7.15549361,27.66666667,24,0,18,200,3,20,18,,12,700,330,3500,2.857142857,14.28571429,13,16,8,-92,-3,12,1.94,52.49%,-8.17%,56.36%,296.1563636,65.71%,1.1125,0.0625,0.46,0.355,0.0425,0.6525,7.890883636,11.82857143,33,17,13,13,32,25,21,33,16,32,0.66,-0.27,-0.20,0.86,0.18,-0.12,0.67,0.54,40,56,56,4,24,50,61,62,-27,-24,-31,12,9,-29,-48,-30,14.25,97,139,124,131,14,10,128,144,129,72,0.8194444444,0.4444444444,-0.375,0.4444444444,18,18,29.2,28.45714286,33,22,23,9,10,-34,20,18,29,,,66,ARNOLD PALMER,PARKLAND,BERMUDA,FLORIDA,HARD,FAIR,4,ARNOLD PALMER INVITATIONAL,Arnold Palmer's Bay Hill Club & Lodge,1.1125 (0.4545),"https://pga-tour-res.cloudinary.com/image/upload/c_fill,d_headshots_default.png,dpr_2.0,f_auto,g_face:center,h_350,q_auto,w_280/headshots_34046.png"
Sepp Straka,7400,-6,12,12,35,26,22,17,23,32,32,11,6,14,20,31,34,35,33,19,12,45.95555556,68.66666667,49.816,52.79074074,12.5,8.00%,8.03%,"Straka, Sepp / Young, Cameron / Tie",0.416008868896708,41.60%,2026-03-08 13:40,Late,,12.5,,7.407407407,0.04733718869,-7.360070219,,25.00,12.78168974,-12.21831026,29,27,0,21,200,3,20.66666667,5,0.05,20,900,400,4000,2.5,11.11111111,20,19,13,-87,4,20,2.55,39.89%,1.71%,65.38%,293.7653846,72.73%,1.0875,0.265,1.0325,1.2875,-0.5225,0.055,9.153813846,13.09089273,13,24,4,14,23,13,3,45,28,12,0.71,0.18,1.02,-0.31,0.27,0.56,0.69,0.61,37,32,18,50,20,17,50,38,-23,-9,-5,-22,25,-14,-46,-26,15.5,101,135,106,103,119,5,115,141,126,72,0.8055555556,0.4861111111,-0.3194444444,0.4861111111,20,20,28.2,25.31428571,33,6,27,-8,13,-34,19,20,27,,,66,ARNOLD PALMER,PARKLAND,BERMUDA,FLORIDA,HARD,FAIR,4,ARNOLD PALMER INVITATIONAL,Arnold Palmer's Bay Hill Club & Lodge,1.0875 (0.3795),"https://pga-tour-res.cloudinary.com/image/upload/c_fill,d_headshots_default.png,dpr_2.0,f_auto,g_face:center,h_350,q_auto,w_280/headshots_49960.png"
Alex Noren,7300,-2,25,18,44,29,24,27,13,27,27,30,28,28,28,53,44,44,47,,25,43.13611111,67.73333333,49.01507692,46.95615006,1625,0.06%,0.09%,"Noren, Alex / McNealy, Maverick / Tie",0.429957379657817,43.00%,2026-03-08 12:00,Late,,1625.0,,0.06150061501,0.03197161232,-0.02952900268,,20.00,10.1902537,-9.809746302,39.55555556,44,0,52,200,3,,41,0.1,-,,,,,,,,,,,,2.29,44.36%,-1.36%,67.86%,284.95,65.28%,0.2725,0.2575,0.5275,-0.065,0.3375,-0.2575,9.50005,11.749995,10,47,14,26,24,20,31,16,40,9,0.93,-0.20,0.43,0.50,0.38,0.25,0.69,0.63,28,52,36,13,13,32,47,24,-2,-28,-16,27,3,-1,-33,-15,24,114,120,130,117,6,17,100,134,112,72,0.6388888889,0.6111111111,-0.02777777778,0.6111111111,27,27,26.2,26.17142857,35,,26,-26,0,-34,9,18,20,,,70,ARNOLD PALMER,PARKLAND,BERMUDA,FLORIDA,HARD,FAIR,4,ARNOLD PALMER INVITATIONAL,Arnold Palmer's Bay Hill Club & Lodge,0.2725 (-0.6615),"https://pga-tour-res.cloudinary.com/image/upload/c_fill,d_headshots_default.png,dpr_2.0,f_auto,g_face:center,h_350,q_auto,w_280/headshots_27349.png"
Nick Taylor,7300,,38,18,30,38,,46,,,,,,,2,17,26,30,24,6,38,47.15,62.13333333,0,33.854649,2150,0.05%,0.07%,"Taylor, Nick / Greyserman, Max / Tie",0.405777547417122,40.58%,2026-03-08 09:50,Late,,2150.0,,0.04649000465,0.06873431944,0.0222443148,,5.00,2.909017797,-2.090982203,24.66666667,19,0,29,200,3,28,39,,39,3000,1100,7500,1.333333333,3.333333333,38,37,35,-65,16,39,2.08,48.99%,-8.41%,46.43%,286.4,52.78%,-0.2275,-0.95,-0.1175,0.25,0.58,-0.11,6.49999,9.499995,47,45,48,41,45,35,23,7,33,46,0.81,0.02,0.59,0.21,0.25,0.32,0.73,0.62,32,41,31,31,21,28,25,31,9,4,4,2,-14,-5,23,15,27,125,13,14,15,20,116,106,4,9,72,0.4305555556,0.5555555556,0.125,0.5555555556,23,23,21.5,31.1,35,28,18,-13,-23,-34,-6,-15,24,,,72,ARNOLD PALMER,PARKLAND,BERMUDA,FLORIDA,HARD,FAIR,4,ARNOLD PALMER INVITATIONAL,Arnold Palmer's Bay Hill Club & Lodge,-0.2275 (-1.0325),"https://pga-tour-res.cloudinary.com/image/upload/c_fill,d_headshots_default.png,dpr_2.0,f_auto,g_face:center,h_350,q_auto,w_280/headshots_25493.png"
Nicolai Hojgaard,7200,-2,25,18,32,31,27,28,9,24,24,28,27,26,25,4,35,32,24,5,25,46.83055556,67.2,45.70870476,46.75380807,2625,0.04%,0.06%,"Hisatsune, Ryo / Hojgaard, Nicolai / Tie",0.425134014926128,42.51%,2026-03-08 11:20,Late,,2625.0,,0.03808073115,0.04605798665,0.007977255502,,25.00,12.77407758,-12.22592242,31,33,0,37,200,3,,43,,-,,,,,,,,,,,,2.02,50.00%,-7.49%,57.14%,297.325,61.11%,0.2725,0.47,0.2875,-0.2425,0.0575,-0.015,8.00002,11.000025,29,16,25,32,14,29,39,32,31,28,2.14,0.87,1.68,0.46,0.04,0.73,0.75,0.59,6,1,6,16,37,12,7,49,26,13,23,15,-5,27,18,-21,24.75,118,6,10,7,12,103,7,7,121,72,0.5555555556,0.9166666667,0.3611111111,0.9166666667,43,43,18.8,21.82857143,37,33,33,1,1,-34,5,3,4,,,70,ARNOLD PALMER,PARKLAND,BERMUDA,FLORIDA,HARD,FAIR,4,ARNOLD PALMER INVITATIONAL,Arnold Palmer's Bay Hill Club & Lodge,0.2725 (-1.8695),https://www.freeiconspng.com/uploads/--tie-user-users-work-worker-working-icon--icon-search-engine-6.png
Ryan Gerard,7200,,,,24,40,,,,,,,,,,16,30,24,23,,,49.17777778,61.86666667,0,0,,,,,,,,,,,,,0.06138956397,0.06138956397,,,0.3653113088,0.3653113088,37.625,38,0,44,200,3,,38,0.05,-,,,,,,,,,,,,,,0.00%,,,,,,,,,,,,,,,,,,,,,,1.28,0.29,1.06,0.23,-0.17,0.89,0.74,0.62,16,25,16,30,53,7,15,33,0,-25,-16,-30,-53,-7,-15,-33,15.33333333,100,0,126,117,128,141,108,115,133,72,0,0,0,0,,,0,0,37,,55,0,55,-34,37,30,,,,,ARNOLD PALMER,PARKLAND,BERMUDA,FLORIDA,HARD,FAIR,4,ARNOLD PALMER INVITATIONAL,, (-1.284),"https://pga-tour-res.cloudinary.com/image/upload/c_fill,d_headshots_default.png,dpr_2.0,f_auto,g_face:center,h_350,q_auto,w_280/headshots_59018.png"
J.J. Spaun,7100,,,,41,41,,,,,,,,,,50,43,41,45,7,,44.69166667,61.73333333,0,0,,,,,,,,,,,,,0.0337533918,0.0337533918,,,0.2008565453,0.2008565453,39.22222222,42,0,41,200,3,39.66666667,51,0.05,35,2200,900,7000,1.428571429,4.545454545,34,35,32,-68,8,35,,,0.00%,,,,,,,,,,,,,,,,,,,,,,-0.62,0.14,0.47,-1.09,0.45,-0.12,0.67,0.66,59,37,34,66,8,51,60,10,0,-37,-34,-66,-8,-51,-60,-10,34,136,0,140,133,149,108,142,146,106,72,0,0,0,0,,,0,0,39,26,38,26,38,-34,39,43,,,,,ARNOLD PALMER,PARKLAND,BERMUDA,FLORIDA,HARD,FAIR,4,ARNOLD PALMER INVITATIONAL,, (0.621),"https://pga-tour-res.cloudinary.com/image/upload/c_fill,d_headshots_default.png,dpr_2.0,f_auto,g_face:center,h_350,q_auto,w_280/headshots_39324.png"
Harry Hall,7100,-8,8,14,49,45,26,26,38,40,40,10,25,21,16,45,42,49,45,13,8,42.37222222,60.53333333,46.14631043,48.51321113,157.2,0.64%,0.66%,"Henley, Russell / Hall, Harry / Tie",0.401942493683814,40.19%,2026-03-08 13:10,Late,,157.2,,0.6321112516,0.03611769285,-0.5959935587,,20.00,10.21492581,-9.785074192,36,36,0,40,200,3,,14,,-,,,,,,,,,,,,2.59,39.89%,0.30%,49.06%,300.3679245,60.29%,1.5875,-0.195,0.5075,0.5025,0.2,1.075,6.867940377,10.85296235,44,8,28,9,36,22,19,24,5,43,0.43,-0.19,-0.03,0.45,0.59,-0.43,0.68,0.63,44,51,51,17,5,61,53,26,-35,-15,-29,-12,19,-42,-25,17,15,99,144,114,130,111,6,137,128,7,72,0.875,0.3888888889,-0.4861111111,0.3888888889,15,15,37.2,35.17142857,39,11,22,2,13,-34,30,33,32,,,64,ARNOLD PALMER,PARKLAND,BERMUDA,FLORIDA,HARD,FAIR,4,ARNOLD PALMER INVITATIONAL,Arnold Palmer's Bay Hill Club & Lodge,1.5875 (1.1605),"https://pga-tour-res.cloudinary.com/image/upload/c_fill,d_headshots_default.png,dpr_2.0,f_auto,g_face:center,h_350,q_auto,w_280/headshots_57975.png"
Nicolas Echavarria,7000,,,,50,48,,50,,,,,,,,68,51,50,56,1,,42.21944444,60.13333333,0,0.003808073115,,,,,,,,,,2625.0,,0.03808073115,0.02336658818,-0.01471414297,,0.00,0.1390477201,0.1390477201,41.125,46,0,54,200,3,,55,0.05,-,,,,,,,,,,,,,,0.00%,,,,,,,,,,,,,,,,,,,,,,,,,,,,,,,,,,,,,,0,0,0,0,0,0,0,0,25.5,121,0,18,18,22,19,20,20,20,72,0,0,0,0,,,0,0,41,45,55,45,55,-34,41,51,,,,,ARNOLD PALMER,PARKLAND,BERMUDA,FLORIDA,HARD,FAIR,4,ARNOLD PALMER INVITATIONAL,, (0),"https://pga-tour-res.cloudinary.com/image/upload/c_fill,d_headshots_default.png,dpr_2.0,f_auto,g_face:center,h_350,q_auto,w_280/headshots_51349.png"
Sam Stevens,7000,,,,38,50,,,,,,,,,,42,39,38,40,,,45.4,59.73333333,0,0,,,,,,,,,,,,,0.03768625948,0.03768625948,,,0.2242598886,0.2242598886,37.66666667,39,0,44,200,3,43,46,,40,4000,1400,8000,1.25,2.5,40,40,37,-63,9,40,,,0.00%,,,,,,,,,,,,,,,,,,,,,,0.77,0.44,0.93,-0.16,0.09,0.40,0.73,0.62,34,19,22,46,30,26,18,32,0,-19,-22,-46,-30,-26,-18,-32,24.33333333,116,0,117,127,144,133,126,116,132,72,0,0,0,0,,,0,0,41,,55,0,55,-34,41,39,,,,,ARNOLD PALMER,PARKLAND,BERMUDA,FLORIDA,HARD,FAIR,4,ARNOLD PALMER INVITATIONAL,, (-0.774),"https://pga-tour-res.cloudinary.com/image/upload/c_fill,d_headshots_default.png,dpr_2.0,f_auto,g_face:center,h_350,q_auto,w_280/headshots_55893.png"
Corey Conners,6900,-1,33,18,52,36,29,30,10,14,14,33,29,31,61,56,37,52,48,14,33,41.91388889,64.26666667,45.55867619,44.65380807,2625,0.04%,0.06%,"Fox, Ryan / Conners, Corey / Tie",0.450052208745396,45.01%,2026-03-08 10:55,Late,,2625.0,,0.03808073115,0.04129859052,0.00321785937,,20.00,10.24575581,-9.754244188,32.55555556,35,0,28,200,3,28.33333333,44,,22,1100,500,4500,2.222222222,9.090909091,22,23,18,-82,-2,22,1.99,50.97%,-5.97%,73.21%,289.475,72.22%,0.0225,0.2225,1.3075,1.02,0.0625,-1.285,10.25003,13.000005,3,41,6,34,26,10,6,31,48,2,-0.63,0.17,-0.05,-0.58,-0.30,0.08,0.71,0.71,60,34,52,60,58,41,31,5,-26,-8,-42,-12,-27,-35,-25,-3,26.25,124,138,105,139,111,131,131,128,102,72,0.5277777778,0.1666666667,-0.3611111111,0.1666666667,6,6,22.8,29.4,43,10,34,-24,0,-34,9,3,41,,,71,ARNOLD PALMER,PARKLAND,BERMUDA,FLORIDA,HARD,FAIR,4,ARNOLD PALMER INVITATIONAL,Arnold Palmer's Bay Hill Club & Lodge,0.0225 (0.6545),"https://pga-tour-res.cloudinary.com/image/upload/c_fill,d_headshots_default.png,dpr_2.0,f_auto,g_face:center,h_350,q_auto,w_280/headshots_39997.png"
Michael Thorbjornsen,6900,-1,33,18,53,41,30,31,32,24,24,37,35,37,66,40,52,53,48,,33,41.76111111,61.73333333,45.43322113,44.56461347,683.3,0.15%,0.17%,"Schauffele, Xander / Thorbjornsen, Michael / Tie",0.406568657919698,40.66%,2026-03-08 12:25,Late,,683.3,,0.1461347362,0.02307194431,-0.1230627919,,15.00,7.637294381,-7.362705619,48.875,58,0,62,200,3,,30,,-,,,,,,,,,,,,2.64,38.30%,2.36%,64.29%,294,61.11%,0.0225,-0.6425,-0.2325,0.4375,-0.02,0.25,8.99997,11.000025,15,21,27,37,43,38,20,36,24,14,-0.65,0.03,0.06,-0.71,0.30,-0.17,0.72,0.62,61,40,47,63,17,54,26,35,-24,3,-9,-39,19,-34,1,-21,31.5,133,137,16,108,136,6,130,19,121,72,0.4861111111,0.1527777778,-0.3333333333,0.1527777778,5,5,36,37.71428571,43,,39,-37,2,-34,6,15,42,,,71,ARNOLD PALMER,PARKLAND,BERMUDA,FLORIDA,HARD,FAIR,4,ARNOLD PALMER INVITATIONAL,Arnold Palmer's Bay Hill Club & Lodge,0.0225 (0.6685),"https://pga-tour-res.cloudinary.com/image/upload/c_fill,d_headshots_default.png,dpr_2.0,f_auto,g_face:center,h_350,q_auto,w_280/headshots_57364.png"
Keith Mitchell,6900,-1,33,18,46,39,31,32,16,19,19,34,32,34,62,47,46,46,46,,33,42.98333333,62,44.36031395,44.454649,2150,0.05%,0.07%,"Matsuyama, Hideki / Mitchell, Keith / Tie",0.390430601664956,39.04%,2026-03-08 10:00,Late,,2150.0,,0.04649000465,0.02685397558,-0.01963602907,,15.00,7.659800141,-7.340199859,42.66666667,49,0,48,200,3,46,48,,30,1600,650,6000,1.666666667,6.25,30,30,29,-71,-3,30,2.39,42.58%,-3.53%,50.00%,303.225,68.06%,0.0225,0.52,1.04,1.28,-0.7575,-1.02,7,12.24999,42,3,10,37,10,12,4,49,46,41,0.56,0.66,0.89,-0.33,0.00,0.08,0.74,0.60,42,10,26,53,42,42,16,44,-5,0,-14,-7,7,-38,-6,-3,30,131,123,18,114,105,14,133,104,102,72,0.4861111111,0.4166666667,-0.06944444444,0.4166666667,16,16,26.8,31.68571429,43,,35,-37,-2,-34,6,9,31,,,71,ARNOLD PALMER,PARKLAND,BERMUDA,FLORIDA,HARD,FAIR,4,ARNOLD PALMER INVITATIONAL,Arnold Palmer's Bay Hill Club & Lodge,0.0225 (-0.5325),"https://pga-tour-res.cloudinary.com/image/upload/c_fill,d_headshots_default.png,dpr_2.0,f_auto,g_face:center,h_350,q_auto,w_280/headshots_39546.png"
Taylor Pendrith,6800,,38,18,56,51,,47,,,,,,,1,47,48,56,50,7,38,41.33333333,59.33333333,0,32.85380807,2625,0.04%,0.06%,"Pendrith, Taylor / Echavarria, Nico / Tie",0,0.00%,2026-03-08 10:25,Late,,2625.0,,0.03808073115,0.02555780339,-0.01252292776,,15.00,7.652087,-7.347913,42,48,0,56,200,3,,53,,-,,,,,,,,,,,,2.2,46.21%,-46.21%,64.29%,301.725,76.39%,-0.2275,0.7,2.415,1.5325,0.1825,-2.64,9.000005,13.749975,14,7,2,39,7,2,2,25,50,13,0.64,0.17,0.06,0.58,0.08,-0.19,0.70,0.53,41,33,47,10,32,57,45,64,-2,-26,-45,40,-7,-55,-43,-51,31.5,133,120,128,143,2,105,144,137,144,72,0.4583333333,0.4305555556,-0.02777777778,0.4305555556,17,17,39,43,46,25,32,-14,-7,-34,7,9,30,,,72,ARNOLD PALMER,PARKLAND,BERMUDA,FLORIDA,HARD,FAIR,4,ARNOLD PALMER INVITATIONAL,Arnold Palmer's Bay Hill Club & Lodge,-0.2275 (-0.8645),"https://pga-tour-res.cloudinary.com/image/upload/c_fill,d_headshots_default.png,dpr_2.0,f_auto,g_face:center,h_350,q_auto,w_280/headshots_40250.png"
Daniel Berger,6800,-15,1,11,45,44,2,1,45,44,44,1,1,1,156,36,45,45,42,3,1,43.01666667,61.2,63.41538462,68.09782609,1.3,76.92%,76.94%,"Berger, Daniel / Bhatia, Akshay / Tie",0.44682359993675,44.68%,2026-03-08 13:50,Late,,1.3,,43.47826087,0.0275417415,-43.45071913,,10.00,5.163892834,-4.836107166,45.77777778,55,0,60,200,3,,1,,-,,,,,,,,,,,,2.32,43.93%,0.76%,62.75%,291.2509804,72.31%,3.42,0.3275,2.75,1.88,0.5425,0.6675,8.784302745,13.015404,17,33,5,1,20,1,1,8,15,16,0.16,0.24,0.49,-0.33,-0.32,0.46,0.75,0.62,46,29,33,52,59,23,7,35,-45,-9,-32,-37,-51,-22,-2,-19,11.75,92,147,106,132,135,140,121,100,116,72,0.9861111111,0.3611111111,-0.625,0.3611111111,14,14,44.2,30.6,46,36,31,35,30,-34,45,44,33,,,57,ARNOLD PALMER,PARKLAND,BERMUDA,FLORIDA,HARD,FAIR,4,ARNOLD PALMER INVITATIONAL,Arnold Palmer's Bay Hill Club & Lodge,3.42 (3.258),"https://pga-tour-res.cloudinary.com/image/upload/c_fill,d_headshots_default.png,dpr_2.0,f_auto,g_face:center,h_350,q_auto,w_280/headshots_40026.png"
Sahith Theegala,6800,-10,5,18,40,47,28,20,45,38,38,7,22,17,11,14,41,40,32,0,5,44.7,60.4,45.68161795,50.66383317,721.9,0.14%,0.17%,"Rodgers, Patrick / Theegala, Sahith / Tie",0.42907509191037,42.91%,2026-03-08 12:15,Late,,721.9,,0.1383317195,0.03675638376,-0.1015753357,,5.00,2.718726471,-2.281273529,38.22222222,40,0,35,200,3,46.66666667,29,,32,1800,700,5500,1.818181818,5.555555556,31,32,25,-75,-4,32,2.12,47.74%,-4.83%,57.14%,293.95,63.89%,2.2725,0.2725,2.3975,0.8425,1.285,-0.1275,8.00002,11.499975,29,22,18,5,22,3,9,2,35,28,0.79,-0.32,0.18,0.60,0.28,0.23,0.70,0.56,33,58,46,9,18,35,41,59,-28,-36,-43,26,-16,-26,-23,-31,12.75,93,140,138,141,8,119,126,123,131,72,0.9305555556,0.5416666667,-0.3888888889,0.5416666667,22,22,37.2,34.74285714,46,54,29,49,24,-34,41,36,25,,,62,ARNOLD PALMER,PARKLAND,BERMUDA,FLORIDA,HARD,FAIR,4,ARNOLD PALMER INVITATIONAL,Arnold Palmer's Bay Hill Club & Lodge,2.2725 (1.4875),"https://pga-tour-res.cloudinary.com/image/upload/c_fill,d_headshots_default.png,dpr_2.0,f_auto,g_face:center,h_350,q_auto,w_280/headshots_51634.png"
Max Greyserman,6700,-3,21,18,58,45,32,29,41,35,35,24,31,29,27,61,53,58,57,6,21,40.88333333,60.53333333,43.76017442,45.554649,2150,0.05%,0.07%,"Taylor, Nick / Greyserman, Max / Tie",0.467578307275378,46.76%,2026-03-08 09:50,Late,,2150.0,,0.04649000465,0.02143345113,-0.02505655352,,10.00,5.127544188,-4.872455812,43.22222222,51,0,59,200,3,,50,,-,,,,,,,,,,,,2.4,42.58%,4.18%,46.43%,296.0338983,66.67%,0.5225,-1.5325,-1.2575,0.9975,-0.7225,1.78,6.49999,12.000015,47,18,12,22,49,47,8,47,3,46,-0.43,-0.22,-0.36,-0.07,0.02,-0.16,0.67,0.52,54,53,59,43,40,53,57,67,-32,-4,-12,-40,7,-45,-45,-21,24.25,115,141,102,112,139,14,140,139,121,72,0.6944444444,0.25,-0.4444444444,0.25,11,11,39.6,39.37142857,49,30,43,8,21,-34,27,31,36,,,69,ARNOLD PALMER,PARKLAND,BERMUDA,FLORIDA,HARD,FAIR,4,ARNOLD PALMER INVITATIONAL,Arnold Palmer's Bay Hill Club & Lodge,0.5225 (0.9495),"https://pga-tour-res.cloudinary.com/image/upload/c_fill,d_headshots_default.png,dpr_2.0,f_auto,g_face:center,h_350,q_auto,w_280/headshots_51977.png"
Ryan Fox,6700,-2,25,18,37,43,34,35,5,38,38,29,40,45,67,7,23,37,22,8,25,45.9,61.33333333,43.1,42.95380807,2625,,,"Fox, Ryan / Conners, Corey / Tie",,43.05%,2026-03-08 10:55,Late,,2625.0,,0.03808073115,0.07417638152,0.03609565037,,15.00,7.941401914,-7.058598086,30.22222222,31,0,34,200,3,27.33333333,40,0.1,7,,,,,,1,1,,,-15,7,2.52,40.40%,2.64%,55.36%,297.625,58.33%,0.2725,0.2375,0.475,-0.1275,0.365,-0.2,7.74998,10.50003,36,15,35,32,25,23,35,14,38,35,1.32,0.29,0.75,0.57,0.28,0.19,0.68,0.53,14,26,27,11,19,37,53,65,18,-1,-4,27,-5,-2,-18,-30,21.75,110,11,100,102,6,103,102,116,129,72,0.5555555556,0.8055555556,0.25,0.8055555556,37,37,24.4,24.91428571,49,24,20,-8,-12,-34,17,-9,10,,,70,ARNOLD PALMER,PARKLAND,BERMUDA,FLORIDA,HARD,FAIR,4,ARNOLD PALMER INVITATIONAL,Arnold Palmer's Bay Hill Club & Lodge,0.2725 (-1.0485),"https://pga-tour-res.cloudinary.com/image/upload/c_fill,d_headshots_default.png,dpr_2.0,f_auto,g_face:center,h_350,q_auto,w_280/headshots_29936.png"
Ryo Hisatsune,6700,-1,33,18,43,49,33,33,27,,,35,33,36,64,12,50,43,35,,33,43.25,59.86666667,43.45819811,43.85377216,2650,0.04%,0.06%,"Hisatsune, Ryo / Hojgaard, Nicolai / Tie",0.469474599140129,46.95%,2026-03-08 11:20,Late,,2650.0,,0.03772161449,0.02408309798,-0.0136385165,,15.00,7.64331146,-7.35668854,52.75,64,0,66,200,3,,54,,-,,,,,,,,,,,,2.46,41.15%,5.80%,73.21%,294.6,70.83%,0.0225,0.505,0.5775,-0.065,0.135,-0.555,10.249995,12.749985,4,20,7,35,12,19,30,28,44,3,1.23,0.55,1.21,0.02,0.21,0.45,0.73,0.64,19,15,12,40,23,24,17,16,16,-3,7,4,5,6,-10,-13,30,131,12,101,11,19,16,15,108,109,72,0.5138888889,0.7361111111,0.2222222222,0.7361111111,33,33,35,34.42857143,49,,37,-35,2,-34,14,15,14,,,71,ARNOLD PALMER,PARKLAND,BERMUDA,FLORIDA,HARD,FAIR,4,ARNOLD PALMER INVITATIONAL,Arnold Palmer's Bay Hill Club & Lodge,0.0225 (-1.2105),"https://pga-tour-res.cloudinary.com/image/upload/c_fill,d_headshots_default.png,dpr_2.0,f_auto,g_face:center,h_350,q_auto,w_280/headshots_51287.png"
Matt McCarty,6600,1,41,18,59,53,,50,12,,,40,,,69,63,58,59,60,,41,40.43333333,56.4,0,0.003808073115,2625,0.04%,0.06%,"Glover, Lucas / McCarty, Matt / Tie",0,0.00%,2026-03-08 10:45,Late,,2625.0,,0.03808073115,0.01855615898,-0.01952457217,,20.00,10.11042227,-9.889577735,43.125,50,0,58,200,3,,59,,-,,,,,,,,,,,,2.07,49.33%,-49.33%,55.36%,290.7210526,54.17%,-0.4775,-0.5225,-1.3725,-0.5,-0.35,0.895,7.74998,9.74997,36,35,46,43,41,48,42,40,9,35,,,,,,,,,,,,,,,,,43,41,48,9,40,42,46,35,48,148,0,2,2,15,3,2,1,3,72,0.4027777778,0,-0.4027777778,0,,,0,0,52,,44,-43,1,-34,9,15,,,,73,ARNOLD PALMER,PARKLAND,BERMUDA,FLORIDA,HARD,FAIR,4,ARNOLD PALMER INVITATIONAL,Arnold Palmer's Bay Hill Club & Lodge,-0.4775 (-0.4775),"https://pga-tour-res.cloudinary.com/image/upload/c_fill,d_headshots_default.png,dpr_2.0,f_auto,g_face:center,h_350,q_auto,w_280/headshots_59141.png"
J.T. Poston,6600,,,,51,58,,,,,,,,,,51,57,51,53,1,,42.11666667,55.33333333,0,0,,,,,,,,,,,,,0.0193571225,0.0193571225,,,0.1151885646,0.1151885646,46.77777778,56,0,41,200,3,42.66666667,67,,24,1200,500,4500,2.222222222,8.333333333,23,23,18,-82,-5,24,,,0.00%,,,,,,,,,,,,,,,,,,,,,,-0.04,0.14,-0.08,0.04,-0.27,0.05,0.73,0.64,48,36,53,39,56,43,19,16,0,-36,-53,-39,-56,-43,-19,-16,35,137,0,138,144,136,143,138,119,113,72,0,0,0,0,,,0,0,52,48,55,48,55,-34,52,57,,,,,ARNOLD PALMER,PARKLAND,BERMUDA,FLORIDA,HARD,FAIR,4,ARNOLD PALMER INVITATIONAL,, (0.035),"https://pga-tour-res.cloudinary.com/image/upload/c_fill,d_headshots_default.png,dpr_2.0,f_auto,g_face:center,h_350,q_auto,w_280/headshots_49771.png"
Denny McCarthy,6600,,,,42,59,,,,,,,,,,58,56,42,52,2,,43.46666667,54.93333333,0,0,,,,,,,,,,,,,0.01964403183,0.01964403183,,,0.116895878,0.116895878,44.11111111,53,0,48,200,3,47.33333333,66,,29,1400,600,5500,1.818181818,7.142857143,27,29,25,-75,-9,29,,,0.00%,,,,,,,,,,,,,,,,,,,,,,-0.13,-0.17,-0.36,0.23,-0.01,-0.18,0.70,0.60,51,50,58,29,43,56,44,39,0,-50,-58,-29,-43,-56,-44,-39,35.66666667,138,0,145,148,127,138,145,138,137,72,0,0,0,0,,,0,0,52,39,55,39,55,-34,52,56,,,,,ARNOLD PALMER,PARKLAND,BERMUDA,FLORIDA,HARD,FAIR,4,ARNOLD PALMER INVITATIONAL,, (0.125),"https://pga-tour-res.cloudinary.com/image/upload/c_fill,d_headshots_default.png,dpr_2.0,f_auto,g_face:center,h_350,q_auto,w_280/headshots_47993.png"
Sungjae Im,6500,,,,47,55,,,,,,,,,,59,49,47,52,1,,42.65,55.73333333,0,0,,,,,,,,,,,,,0.02483339113,0.02483339113,,,0.1477762347,0.1477762347,39.33333333,43,0,30,200,3,39.66666667,64,,20,1000,400,4000,2.5,10,21,19,13,-87,-7,20,,,0.00%,,,,,,,,,,,,,,,,,,,,,,,,,,,,,,,,,,,,,,0,0,0,0,0,0,0,0,24.5,117,0,18,18,22,19,20,20,20,72,0,0,0,0,,,0,0,55,47,55,47,55,-34,55,49,,,,,ARNOLD PALMER,PARKLAND,BERMUDA,FLORIDA,HARD,FAIR,4,ARNOLD PALMER INVITATIONAL,, (0),"https://pga-tour-res.cloudinary.com/image/upload/c_fill,d_headshots_default.png,dpr_2.0,f_auto,g_face:center,h_350,q_auto,w_280/headshots_39971.png"
Chris Kirk,6500,5,47,18,60,52,35,38,17,14,14,45,42,41,72,43,54,60,52,1,47,39.83333333,57.86666667,42.70993023,42.354649,2150,0.05%,0.07%,"Kirk, Chris / Bennett, Daniel / Tie",0.463092098528085,46.31%,2026-03-08 09:40,Late,,2150.0,,0.04649000465,0.02068597871,-0.02580402594,,15.00,7.623096199,-7.376903801,45.66666667,54,0,51,200,3,46.66666667,52,,33,2200,750,6500,1.538461538,4.545454545,34,33,31,-69,-3,33,1.46,67.40%,-21.09%,62.50%,292.7,63.89%,-1.4775,0.67,-1.1775,-1.385,-0.46,-0.3025,8.75,11.500065,18,27,16,47,8,45,49,43,41,17,-0.52,-0.32,0.02,-0.54,-0.59,0.77,0.74,0.65,56,57,50,59,66,9,12,13,-9,-49,-5,-18,-23,40,4,4,37,142,125,143,103,115,127,3,18,16,72,0.3472222222,0.2222222222,-0.125,0.2222222222,9,9,27.4,37.34285714,55,49,40,2,-7,-34,8,7,38,,,77,ARNOLD PALMER,PARKLAND,BERMUDA,FLORIDA,HARD,FAIR,4,ARNOLD PALMER INVITATIONAL,Arnold Palmer's Bay Hill Club & Lodge,-1.4775 (-0.9535),"https://pga-tour-res.cloudinary.com/image/upload/c_fill,d_headshots_default.png,dpr_2.0,f_auto,g_face:center,h_350,q_auto,w_280/headshots_30926.png"
Aldrich Potgieter,6500,,,,61,62,,,,,,,,,,60,60,61,60,1,,39.68333333,53.73333333,0,0,,,,,,,,,,,,,0.01404747475,0.01404747475,,,0.08359240652,0.08359240652,53.33333333,66,0,67,200,3,,69,0.05,-,,,,,,,,,,,,,,0.00%,,,,,,,,,,,,,,,,,,,,,,-0.21,0.56,-0.34,0.13,-0.34,-0.56,0.69,0.55,52,14,57,34,60,63,50,61,0,-14,-57,-34,-60,-63,-50,-61,37.33333333,143,0,113,147,132,144,148,145,149,72,0,0,0,0,,,0,0,55,50,55,50,55,-34,55,60,,,,,ARNOLD PALMER,PARKLAND,BERMUDA,FLORIDA,HARD,FAIR,4,ARNOLD PALMER INVITATIONAL,, (0.212),"https://pga-tour-res.cloudinary.com/image/upload/c_fill,d_headshots_default.png,dpr_2.0,f_auto,g_face:center,h_350,q_auto,w_280/headshots_63343.png"
Patrick Rodgers,6400,-2,25,18,48,53,36,34,28,28,28,31,30,30,30,27,47,48,41,,25,42.53333333,56.4,42.41043667,43.15492053,2031.3,0.05%,0.07%,"Rodgers, Patrick / Theegala, Sahith / Tie",0.464288155618923,46.43%,2026-03-08 12:15,Late,,2031.3,,0.04920533386,0.02643071942,-0.02277461444,,10.00,5.157281467,-4.842718533,38.88888889,41,0,44,200,3,42.66666667,45,,36,3000,1000,7500,1.333333333,3.333333333,38,36,35,-65,7,36,2.33,43.48%,2.94%,55.36%,293.8245614,56.94%,0.2725,-0.32,-0.1175,0.645,-0.4425,0.39,7.750015,10.25001,34,23,38,26,38,34,15,42,21,33,0.69,-0.11,0.45,0.24,0.37,0.19,0.72,0.53,39,48,35,28,14,37,30,66,-13,-10,-1,-7,28,-22,8,-33,24.75,118,128,109,100,105,4,121,15,133,72,0.6388888889,0.4583333333,-0.1805555556,0.4583333333,19,19,30.6,36.65714286,58,,36,-26,10,-34,32,21,28,,,70,ARNOLD PALMER,PARKLAND,BERMUDA,FLORIDA,HARD,FAIR,4,ARNOLD PALMER INVITATIONAL,Arnold Palmer's Bay Hill Club & Lodge,0.2725 (-0.4195),"https://pga-tour-res.cloudinary.com/image/upload/c_fill,d_headshots_default.png,dpr_2.0,f_auto,g_face:center,h_350,q_auto,w_280/headshots_36699.png"
Austin Smotherman,6400,,,,55,61,,,,,,,,,,29,59,55,48,,,41.55,53.86666667,0,0,,,,,,,,,,,,,0.01707006048,0.01707006048,,,0.1015789286,0.1015789286,50.875,59,0,63,200,3,,68,,-,,,,,,,,,,,,,,0.00%,,,,,,,,,,,,,,,,,,,,,,1.04,-0.33,1.40,-0.35,-0.14,1.30,0.71,0.63,22,59,9,56,50,3,39,27,0,-59,-9,-56,-50,-3,-39,-27,27,125,0,148,108,147,139,103,136,127,72,0,0,0,0,,,0,0,58,,55,0,55,-34,58,59,,,,,ARNOLD PALMER,PARKLAND,BERMUDA,FLORIDA,HARD,FAIR,4,ARNOLD PALMER INVITATIONAL,, (-1.044),"https://pga-tour-res.cloudinary.com/image/upload/c_fill,d_headshots_default.png,dpr_2.0,f_auto,g_face:center,h_350,q_auto,w_280/headshots_50095.png"
Taylor Moore,6400,2,44,18,54,56,38,42,10,18,18,42,41,40,70,24,55,54,44,,44,41.56666667,55.6,41.60826479,41.95397188,2516.7,0.04%,0.06%,"Putnam, Andrew / Moore, Taylor / Tie",0.451226141050884,45.12%,2026-03-08 10:10,Late,,2516.7,,0.03971879096,0.01989923989,-0.01981955107,,5.00,2.618414546,-2.381585454,43.33333333,52,0,47,200,3,46.33333333,57,,30,1800,650,5500,1.818181818,5.555555556,31,30,25,-75,-4,30,1.96,51.74%,-6.62%,55.36%,299.275,55.56%,-0.7275,0.355,-1.2025,-0.8175,-0.7375,0.475,7.750015,9.99999,34,12,43,45,17,46,47,48,18,33,1.32,0.67,0.95,0.36,0.65,-1.16,0.67,0.62,15,8,21,22,4,66,57,30,30,9,25,-4,44,-19,-14,3,36.25,140,5,11,6,103,1,119,113,17,72,0.375,0.7916666667,0.4166666667,0.7916666667,36,36,21.8,33.4,58,,41,-45,-4,-34,13,10,11,,,74,ARNOLD PALMER,PARKLAND,BERMUDA,FLORIDA,HARD,FAIR,4,ARNOLD PALMER INVITATIONAL,Arnold Palmer's Bay Hill Club & Lodge,-0.7275 (-2.0435),"https://pga-tour-res.cloudinary.com/image/upload/c_fill,d_headshots_default.png,dpr_2.0,f_auto,g_face:center,h_350,q_auto,w_280/headshots_49947.png"
Brian Harman,6300,10,50,18,66,56,37,43,17,9,9,47,43,43,153,71,61,66,66,2,50,38.25,55.6,41.95975581,41.854649,2150,0.05%,0.06%,"Harman, Brian / Fleetwood, Tommy / Tie",0.445237859574708,44.52%,2026-03-08 09:30,Late,,2150.0,,0.04649000465,0.013680006,-0.03280999865,,20.00,10.08140571,-9.918594292,52.88888889,65,0,50,200,3,45.66666667,56,0.05,17,750,350,4500,2.222222222,13.33333333,16,17,18,-82,-15,17,3.51,28.54%,15.98%,50.00%,288.2964912,51.39%,-2.7275,-1.6175,-1.8875,-0.1225,-0.15,-0.84,7,9.249975,42,43,49,50,50,50,34,38,45,41,-1.01,-0.22,-0.67,-0.34,-0.12,-0.33,0.68,0.64,64,54,63,54,49,59,55,21,-14,-4,-13,-9,-11,-25,-6,20,40.25,146,129,102,113,108,111,124,104,5,72,0.3055555556,0.1111111111,-0.1944444444,0.1111111111,2,2,29,41.14285714,61,37,42,-13,-8,-34,11,11,45,,,82,ARNOLD PALMER,PARKLAND,BERMUDA,FLORIDA,HARD,FAIR,4,ARNOLD PALMER INVITATIONAL,Arnold Palmer's Bay Hill Club & Lodge,-2.7275 (-1.7175),"https://pga-tour-res.cloudinary.com/image/upload/c_fill,d_headshots_default.png,dpr_2.0,f_auto,g_face:center,h_350,q_auto,w_280/headshots_27644.png"
Joel Dahmen,6300,,,,57,66,,,,,,,,,,23,62,57,47,,,41.1,51.73333333,0,0,,,,,,,,,,,,,0.01354195386,0.01354195386,,,0.08058419979,0.08058419979,51.33333333,60,0,64,200,3,,70,,-,,,,,,,,,,,,,,0.00%,,,,,,,,,,,,,,,,,,,,,,1.01,0.66,1.09,-0.08,0.33,-0.38,0.73,0.77,25,9,14,44,15,60,23,3,0,-9,-14,-44,-15,-60,-23,-3,29,129,0,106,114,142,118,146,123,102,72,0,0,0,0,,,0,0,61,,51,0,51,-34,61,62,,,,,ARNOLD PALMER,PARKLAND,BERMUDA,FLORIDA,HARD,FAIR,4,ARNOLD PALMER INVITATIONAL,, (-1.009),"https://pga-tour-res.cloudinary.com/image/upload/c_fill,d_headshots_default.png,dpr_2.0,f_auto,g_face:center,h_350,q_auto,w_280/headshots_34076.png"
Tom Hoge,6300,,,,62,68,,,,,,,,,,64,64,62,63,0,,38.78333333,51.33333333,0,0,,,,,,,,,,,,,0.01209701026,0.01209701026,,,0.07198576381,0.07198576381,51.55555556,61,0,55,200,3,52.66666667,71,,36,2500,1100,7000,1.428571429,4,36,37,32,-68,-5,36,,,0.00%,,,,,,,,,,,,,,,,,,,,,,-0.28,-0.26,-0.66,0.38,-0.42,0.02,0.66,0.56,53,55,62,20,62,44,65,60,0,-55,-62,-20,-62,-44,-65,-60,39,144,0,147,149,116,146,139,148,148,72,0,0,0,0,,,0,0,61,52,49,52,49,-34,61,64,,,,,ARNOLD PALMER,PARKLAND,BERMUDA,FLORIDA,HARD,FAIR,4,ARNOLD PALMER INVITATIONAL,, (0.278),"https://pga-tour-res.cloudinary.com/image/upload/c_fill,d_headshots_default.png,dpr_2.0,f_auto,g_face:center,h_350,q_auto,w_280/headshots_35532.png"
Michael Kim,6200,-1,33,18,63,60,40,36,23,30,30,36,39,39,68,70,63,63,65,1,33,38.63333333,54,41.00780952,42.55380807,2625,0.04%,0.06%,"Horschel, Billy / Kim, Michael / Tie",0.447528366550842,44.75%,2026-03-08 11:05,Late,,2625.0,,0.03808073115,0.0134810803,-0.02459965085,,10.00,5.080221959,-4.919778041,52.11111111,62,0,65,200,3,,62,0.05,-,,,,,,,,,,,,1.99,51.28%,-6.53%,71.43%,294.875,63.89%,0.0225,0.4975,1.2375,0.705,0.0325,-1.2175,10.000025,11.50002,7,19,17,36,13,11,13,34,47,6,-0.53,-0.82,-1.07,0.54,-0.14,-0.10,0.66,0.53,57,66,65,12,51,49,64,63,-21,-53,-54,35,-17,-36,-47,-57,33.75,135,133,146,145,3,123,132,143,146,72,0.5,0.2083333333,-0.2916666667,0.2083333333,8,8,36.8,42.54285714,64,46,46,10,10,-34,28,27,39,,,71,ARNOLD PALMER,PARKLAND,BERMUDA,FLORIDA,HARD,FAIR,4,ARNOLD PALMER INVITATIONAL,Arnold Palmer's Bay Hill Club & Lodge,0.0225 (0.5505),"https://pga-tour-res.cloudinary.com/image/upload/c_fill,d_headshots_default.png,dpr_2.0,f_auto,g_face:center,h_350,q_auto,w_280/headshots_39975.png"
Bud Cauley,6200,-4,19,16,64,63,39,37,43,40,40,22,36,33,29,46,67,64,59,1,19,38.48333333,53.33333333,41.38013409,42.46455392,686.1,0.15%,0.17%,"Cauley, Bud / Spieth, Jordan / Tie",0.448287953348034,44.83%,2026-03-08 12:45,Late,,686.1,,0.1455392228,0.01141415825,-0.1341250646,,5.00,2.567922312,-2.432077688,61.75,69,0,69,200,3,,31,,-,,,,,,,,,,,,2.62,39.11%,5.72%,56.36%,290.4745455,61.43%,0.6125,0.3325,0.4625,-0.09,0.2175,0.1525,7.890904,11.05712743,32,38,24,21,19,24,32,22,27,31,-0.48,-0.10,0.19,-0.67,0.03,0.27,0.71,0.62,55,47,45,61,38,31,38,29,-34,-28,-21,-34,-16,1,-14,2,27.25,127,143,130,126,132,119,19,113,18,72,0.7083333333,0.2361111111,-0.4722222222,0.2361111111,10,10,45.8,47.4,64,44,48,23,27,-34,43,46,37,,,68,ARNOLD PALMER,PARKLAND,BERMUDA,FLORIDA,HARD,FAIR,4,ARNOLD PALMER INVITATIONAL,Arnold Palmer's Bay Hill Club & Lodge,0.6125 (1.0935),"https://pga-tour-res.cloudinary.com/image/upload/c_fill,d_headshots_default.png,dpr_2.0,f_auto,g_face:center,h_350,q_auto,w_280/headshots_34021.png"
Lucas Glover,6200,-2,25,18,65,64,41,39,38,37,37,32,38,38,63,68,66,65,66,1,25,38.33333333,52.93333333,40.70775238,42.35380807,2625,0.04%,0.06%,"Glover, Lucas / McCarty, Matt / Tie",0,0.00%,2026-03-08 10:45,Late,,2625.0,,0.03808073115,0.01174686249,-0.02633386866,,20.00,10.06990214,-9.930097863,52.66666667,63,0,52,200,3,51.66666667,63,,26,1400,550,5500,1.818181818,7.142857143,27,26,25,-75,-14,26,2.42,42.35%,-42.35%,66.07%,280.7052632,59.72%,0.2725,-0.6925,0.415,0.22,0.885,-0.1425,9.25001,10.750005,11,48,29,26,44,27,24,4,36,10,-1.69,-0.38,-0.89,-0.80,-0.70,0.19,0.67,0.77,65,64,64,64,67,37,62,2,-39,-20,-37,-28,-63,-13,-33,8,29.5,130,146,118,134,126,147,111,134,13,72,0.6388888889,0.09722222222,-0.5416666667,0.09722222222,1,1,44.2,48.31428571,64,43,45,17,19,-34,38,40,46,,,70,ARNOLD PALMER,PARKLAND,BERMUDA,FLORIDA,HARD,FAIR,4,ARNOLD PALMER INVITATIONAL,Arnold Palmer's Bay Hill Club & Lodge,0.2725 (1.9615),"https://pga-tour-res.cloudinary.com/image/upload/c_fill,d_headshots_default.png,dpr_2.0,f_auto,g_face:center,h_350,q_auto,w_280/headshots_25900.png"
Andrew Novak,6100,,38,18,67,71,,48,,,,,,,2,62,65,67,65,2,38,38.18333333,49.73333333,0,30.754649,2150,0.05%,0.07%,"MacIntyre, Robert / Novak, Andrew / Tie",0.362446244507249,36.24%,2026-03-08 10:35,Late,,2150.0,,0.04649000465,0.01191727704,-0.0345727276,,20.00,10.07091622,-9.929083776,48.11111111,57,0,61,200,3,,58,0.05,-,,,,,,,,,,,,2.96,34.47%,1.77%,58.93%,291.625,58.33%,-0.2275,-0.235,-1.035,-0.525,-0.27,0.8025,8.250025,10.499985,24,30,37,39,37,43,43,39,11,23,-0.53,-0.36,-0.47,-0.07,0.08,-0.19,0.67,0.60,58,62,60,42,31,58,59,43,-19,-25,-17,-31,8,-15,-22,-20,35.75,139,131,126,119,129,12,117,122,118,72,0.4583333333,0.1944444444,-0.2638888889,0.1944444444,7,7,48.5,54.5,67,38,47,-1,8,-34,28,26,40,,,72,ARNOLD PALMER,PARKLAND,BERMUDA,FLORIDA,HARD,FAIR,4,ARNOLD PALMER INVITATIONAL,Arnold Palmer's Bay Hill Club & Lodge,-0.2275 (0.3065),"https://pga-tour-res.cloudinary.com/image/upload/c_fill,d_headshots_default.png,dpr_2.0,f_auto,g_face:center,h_350,q_auto,w_280/headshots_51997.png"
Billy Horschel,6100,-5,16,18,72,65,43,40,45,42,42,18,34,32,25,67,68,72,69,,16,37.2,52.13333333,40.40769524,42.15380807,2625,0.04%,0.06%,"Horschel, Billy / Kim, Michael / Tie",0.443321660859251,44.33%,2026-03-08 11:05,Late,,2625.0,,0.03808073115,0.01019775223,-0.02788297892,,10.00,5.060683836,-4.939316164,56,67,0,68,200,3,46.33333333,65,,3,,,,,,1,1,,,-31,3,2.54,40.40%,3.93%,53.57%,292.3,51.39%,1.0225,-0.6125,-0.795,-0.5675,0.3875,1.8125,7.50001,9.249975,38,29,49,17,42,42,44,13,2,37,-0.85,-0.45,-0.53,-0.32,0.23,-0.09,0.70,0.58,62,65,61,51,22,48,40,51,-45,-23,-19,-49,-9,-4,9,-14,25.5,121,147,121,122,145,109,105,13,110,72,0.7638888889,0.1388888889,-0.625,0.1388888889,4,4,47.8,50.25714286,67,,50,-17,33,-34,50,51,43,,,67,ARNOLD PALMER,PARKLAND,BERMUDA,FLORIDA,HARD,FAIR,4,ARNOLD PALMER INVITATIONAL,Arnold Palmer's Bay Hill Club & Lodge,1.0225 (1.8725),"https://pga-tour-res.cloudinary.com/image/upload/c_fill,d_headshots_default.png,dpr_2.0,f_auto,g_face:center,h_350,q_auto,w_280/headshots_29420.png"
Jhonattan Vegas,6100,-4,19,17,68,66,44,41,41,42,42,23,37,35,32,66,70,68,68,0,19,37.88333333,51.73333333,40.26238462,42.05615006,1625,0.06%,0.08%,"Scott, Adam / Vegas, Jhonattan / Tie",0.436643305300095,43.66%,2026-03-08 12:35,Late,,1625.0,,0.06150061501,0.009124649044,-0.05237596596,,5.00,2.554298113,-2.445701887,62.125,70,0,70,200,3,,49,,-,,,,,,,,,,,,3.27,30.77%,12.89%,61.82%,290.2963636,59.15%,0.66,0.1,0.435,0.0375,0.2925,0.2225,8.654586182,10.64788225,21,40,34,20,30,26,28,17,25,20,,-0.34,-1.79,-0.82,-0.21,-1.25,0.62,0.58,,61,66,65,54,67,66,53,20,-31,-40,-40,-37,-39,-32,-33,36.66666667,141,0,134,137,139,136,134,132,133,72,0.7222222222,0,-0.7222222222,0,,,0,0,67,51,52,31,32,-34,47,50,,,,68,ARNOLD PALMER,PARKLAND,BERMUDA,FLORIDA,HARD,FAIR,4,ARNOLD PALMER INVITATIONAL,Arnold Palmer's Bay Hill Club & Lodge,0.66 (0.66),"https://pga-tour-res.cloudinary.com/image/upload/c_fill,d_headshots_default.png,dpr_2.0,f_auto,g_face:center,h_350,q_auto,w_280/headshots_27064.png"
Andrew Putnam,6000,2,44,18,69,68,45,44,23,22,22,43,44,42,71,49,69,69,62,,44,37.73333333,51.33333333,40.10932558,40.954649,2150,0.05%,0.07%,"Putnam, Andrew / Moore, Taylor / Tie",0.440478157344185,44.05%,2026-03-08 10:10,Late,,2150.0,,0.04649000465,0.009864625056,-0.03662537959,,15.00,7.558701493,-7.441298507,57.11111111,68,0,57,200,3,50,61,,33,1800,800,6000,1.666666667,5.555555556,31,34,29,-71,-6,33,2.57,39.63%,4.41%,62.50%,269.025,55.56%,-0.7275,-1.225,-0.1925,0.5975,0.435,-0.535,8.75,10.000035,18,49,41,45,48,37,17,12,43,17,-1.00,-0.03,0.26,,0.05,0.27,0.78,0.79,63,44,43,,36,30,1,1,-18,4,-6,43,-24,-13,40,16,39.75,145,130,14,105,1,128,111,3,8,72,0.375,0.125,-0.25,0.125,3,3,35.8,46.97142857,70,,54,-45,9,-34,25,24,44,,,74,ARNOLD PALMER,PARKLAND,BERMUDA,FLORIDA,HARD,FAIR,4,ARNOLD PALMER INVITATIONAL,Arnold Palmer's Bay Hill Club & Lodge,-0.7275 (0.2675),"https://pga-tour-res.cloudinary.com/image/upload/c_fill,d_headshots_default.png,dpr_2.0,f_auto,g_face:center,h_350,q_auto,w_280/headshots_34256.png"
Daniel Bennett,6000,5,47,18,70,70,42,45,7,,,46,45,44,154,65,71,70,69,,47,37.58333333,51.2,40.45980606,40.85484614,2062.5,0.05%,0.06%,"Kirk, Chris / Bennett, Daniel / Tie",0.446693736774648,44.67%,2026-03-08 09:40,Late,,2062.5,,0.04846135207,0.00817520891,-0.04028614316,,0.00,0.04864827299,0.04864827299,69.57142857,72,0,72,200,3,,60,,-,,,,,,,,,,,,4.3,22.16%,22.51%,48.21%,289.4526316,54.17%,-1.4775,-1.1125,-1.675,-0.1275,-0.4375,0.1975,6.74996,9.750015,45,42,45,48,46,49,36,41,26,44,,,,,,,,,,,,,,,,,48,46,49,26,41,36,45,44,55.66666667,149,0,1,1,8,2,5,2,1,72,0.3333333333,0,-0.3333333333,0,,,0,0,70,,53,-48,5,-34,22,23,,,,77,ARNOLD PALMER,PARKLAND,BERMUDA,FLORIDA,HARD,FAIR,4,ARNOLD PALMER INVITATIONAL,Arnold Palmer's Bay Hill Club & Lodge,-1.4775 (-1.4775),https://www.freeiconspng.com/uploads/--tie-user-users-work-worker-working-icon--icon-search-engine-6.png
Brian Campbell,6000,,,,71,72,,,,,,,,,,72,72,71,72,0,,37.43333333,47.73333333,0,0,,,,,,,,,,,,,0.007473783253,0.007473783253,,,0.04447429441,0.04447429441,67.22222222,71,0,71,200,3,,72,0.05,-,,,,,,,,,,,,,,0.00%,,,,,,,,,,,,,,,,,,,,,,-2.15,-0.86,,0.33,-0.47,-1.15,0.58,0.62,66,67,,25,63,65,67,28,0,-67,0,-25,-63,-65,-67,-28,46,147,0,149,18,124,147,149,149,128,72,0,0,0,0,,,0,0,70,53,55,53,55,-34,70,72,,,,,ARNOLD PALMER,PARKLAND,BERMUDA,FLORIDA,HARD,FAIR,4,ARNOLD PALMER INVITATIONAL,, (2.148),"https://pga-tour-res.cloudinary.com/image/upload/c_fill,d_headshots_default.png,dpr_2.0,f_auto,g_face:center,h_350,q_auto,w_280/headshots_46443.png"
,,,,,73,74,,52,,,,,,,,,,73,24,,,35.61666667,,0,,,,,,,,,,,,,,0,0,,,0,0,,,0,#N/A,200,3,,,,-,,,,,,,,,,,,,,0.00%,,,,,,,,,,,,,,,,,,,,,,,,,,,,,,,,,,,,,,0,0,0,0,0,0,0,0,0,1,0,18,18,22,19,20,20,20,72,0,0,0,0,,,#DIV/0!,#DIV/0!,,,55,0,55,-34,0,0,,,,,ARNOLD PALMER,PARKLAND,BERMUDA,FLORIDA,HARD,FAIR,4,ARNOLD PALMER INVITATIONAL,, (0),
,,,,,74,74,,52,,,,,,,,,,74,25,,,35.46666667,,0,,,,,,,,,,,,,,0,0,,,0,0,,,0,#N/A,200,3,,,,-,,,,,,,,,,,,,,0.00%,,,,,,,,,,,,,,,,,,,,,,,,,,,,,,,,,,,,,,0,0,0,0,0,0,0,0,0,1,0,18,18,22,19,20,20,20,72,0,0,0,0,,,#DIV/0!,#DIV/0!,,,55,0,55,-34,0,0,,,,,ARNOLD PALMER,PARKLAND,BERMUDA,FLORIDA,HARD,FAIR,4,ARNOLD PALMER INVITATIONAL,, (0),
,,,,,75,74,,52,,,,,,,,,,75,25,,,35.31666667,,0,,,,,,,,,,,,,,0,0,,,0,0,,,0,#N/A,200,3,,,,-,,,,,,,,,,,,,,0.00%,,,,,,,,,,,,,,,,,,,,,,,,,,,,,,,,,,,,,,0,0,0,0,0,0,0,0,0,1,0,18,18,22,19,20,20,20,72,0,0,0,0,,,#DIV/0!,#DIV/0!,,,55,0,55,-34,0,0,,,,,ARNOLD PALMER,PARKLAND,BERMUDA,FLORIDA,HARD,FAIR,4,ARNOLD PALMER INVITATIONAL,, (0),
,,,,,76,74,,52,,,,,,,,,,76,25,,,35.16666667,,0,,,,,,,,,,,,,,0,0,,,0,0,,,0,#N/A,200,3,,,,-,,,,,,,,,,,,,,0.00%,,,,,,,,,,,,,,,,,,,,,,,,,,,,,,,,,,,,,,0,0,0,0,0,0,0,0,0,1,0,18,18,22,19,20,20,20,72,0,0,0,0,,,#DIV/0!,#DIV/0!,,,55,0,55,-34,0,0,,,,,ARNOLD PALMER,PARKLAND,BERMUDA,FLORIDA,HARD,FAIR,4,ARNOLD PALMER INVITATIONAL,, (0),
,,,,,77,74,,52,,,,,,,,,,77,26,,,35.01666667,,0,,,,,,,,,,,,,,0,0,,,0,0,,,0,#N/A,200,3,,,,-,,,,,,,,,,,,,,0.00%,,,,,,,,,,,,,,,,,,,,,,,,,,,,,,,,,,,,,,0,0,0,0,0,0,0,0,0,1,0,18,18,22,19,20,20,20,72,0,0,0,0,,,#DIV/0!,#DIV/0!,,,55,0,55,-34,0,0,,,,,ARNOLD PALMER,PARKLAND,BERMUDA,FLORIDA,HARD,FAIR,4,ARNOLD PALMER INVITATIONAL,, (0),
,,,,,78,74,,52,,,,,,,,,,78,26,,,34.86666667,,0,,,,,,,,,,,,,,0,0,,,0,0,,,0,#N/A,200,3,,,,-,,,,,,,,,,,,,,0.00%,,,,,,,,,,,,,,,,,,,,,,,,,,,,,,,,,,,,,,0,0,0,0,0,0,0,0,0,1,0,18,18,22,19,20,20,20,72,0,0,0,0,,,#DIV/0!,#DIV/0!,,,55,0,55,-34,0,0,,,,,ARNOLD PALMER,PARKLAND,BERMUDA,FLORIDA,HARD,FAIR,4,ARNOLD PALMER INVITATIONAL,, (0),
,,,,,79,74,,52,,,,,,,,,,79,26,,,34.71666667,,0,,,,,,,,,,,,,,0,0,,,0,0,,,0,#N/A,200,3,,,,-,,,,,,,,,,,,,,0.00%,,,,,,,,,,,,,,,,,,,,,,,,,,,,,,,,,,,,,,0,0,0,0,0,0,0,0,0,1,0,18,18,22,19,20,20,20,72,0,0,0,0,,,#DIV/0!,#DIV/0!,,,55,0,55,-34,0,0,,,,,ARNOLD PALMER,PARKLAND,BERMUDA,FLORIDA,HARD,FAIR,4,ARNOLD PALMER INVITATIONAL,, (0),
,,,,,80,74,,52,,,,,,,,,,80,27,,,34.56666667,,0,,,,,,,,,,,,,,0,0,,,0,0,,,0,#N/A,200,3,,,,-,,,,,,,,,,,,,,0.00%,,,,,,,,,,,,,,,,,,,,,,,,,,,,,,,,,,,,,,0,0,0,0,0,0,0,0,0,1,0,18,18,22,19,20,20,20,72,0,0,0,0,,,#DIV/0!,#DIV/0!,,,55,0,55,-34,0,0,,,,,ARNOLD PALMER,PARKLAND,BERMUDA,FLORIDA,HARD,FAIR,4,ARNOLD PALMER INVITATIONAL,, (0),
,,,,,81,74,,52,,,,,,,,,,81,27,,,34.41666667,,0,,,,,,,,,,,,,,0,0,,,0,0,,,0,#N/A,200,3,,,,-,,,,,,,,,,,,,,0.00%,,,,,,,,,,,,,,,,,,,,,,,,,,,,,,,,,,,,,,0,0,0,0,0,0,0,0,0,1,0,18,18,22,19,20,20,20,72,0,0,0,0,,,#DIV/0!,#DIV/0!,,,55,0,55,-34,0,0,,,,,ARNOLD PALMER,PARKLAND,BERMUDA,FLORIDA,HARD,FAIR,4,ARNOLD PALMER INVITATIONAL,, (0),
,,,,,82,74,,52,,,,,,,,,,82,27,,,34.26666667,,0,,,,,,,,,,,,,,0,0,,,0,0,,,0,#N/A,200,3,,,,-,,,,,,,,,,,,,,0.00%,,,,,,,,,,,,,,,,,,,,,,,,,,,,,,,,,,,,,,0,0,0,0,0,0,0,0,0,1,0,18,18,22,19,20,20,20,72,0,0,0,0,,,#DIV/0!,#DIV/0!,,,55,0,55,-34,0,0,,,,,ARNOLD PALMER,PARKLAND,BERMUDA,FLORIDA,HARD,FAIR,4,ARNOLD PALMER INVITATIONAL,, (0),
,,,,,83,74,,52,,,,,,,,,,83,28,,,34.11666667,,0,,,,,,,,,,,,,,0,0,,,0,0,,,0,#N/A,200,3,,,,-,,,,,,,,,,,,,,0.00%,,,,,,,,,,,,,,,,,,,,,,,,,,,,,,,,,,,,,,0,0,0,0,0,0,0,0,0,1,0,18,18,22,19,20,20,20,72,0,0,0,0,,,#DIV/0!,#DIV/0!,,,55,0,55,-34,0,0,,,,,ARNOLD PALMER,PARKLAND,BERMUDA,FLORIDA,HARD,FAIR,4,ARNOLD PALMER INVITATIONAL,, (0),
,,,,,84,74,,52,,,,,,,,,,84,28,,,33.96666667,,0,,,,,,,,,,,,,,0,0,,,0,0,,,0,#N/A,200,3,,,,-,,,,,,,,,,,,,,0.00%,,,,,,,,,,,,,,,,,,,,,,,,,,,,,,,,,,,,,,0,0,0,0,0,0,0,0,0,1,0,18,18,22,19,20,20,20,72,0,0,0,0,,,#DIV/0!,#DIV/0!,,,55,0,55,-34,0,0,,,,,ARNOLD PALMER,PARKLAND,BERMUDA,FLORIDA,HARD,FAIR,4,ARNOLD PALMER INVITATIONAL,, (0),
,,,,,85,74,,52,,,,,,,,,,85,28,,,33.81666667,,0,,,,,,,,,,,,,,0,0,,,0,0,,,0,#N/A,200,3,,,,-,,,,,,,,,,,,,,0.00%,,,,,,,,,,,,,,,,,,,,,,,,,,,,,,,,,,,,,,0,0,0,0,0,0,0,0,0,1,0,18,18,22,19,20,20,20,72,0,0,0,0,,,#DIV/0!,#DIV/0!,,,55,0,55,-34,0,0,,,,,ARNOLD PALMER,PARKLAND,BERMUDA,FLORIDA,HARD,FAIR,4,ARNOLD PALMER INVITATIONAL,, (0),
,,,,,86,74,,52,,,,,,,,,,86,29,,,33.66666667,,0,,,,,,,,,,,,,,0,0,,,0,0,,,0,#N/A,200,3,,,,-,,,,,,,,,,,,,,0.00%,,,,,,,,,,,,,,,,,,,,,,,,,,,,,,,,,,,,,,0,0,0,0,0,0,0,0,0,1,0,18,18,22,19,20,20,20,72,0,0,0,0,,,#DIV/0!,#DIV/0!,,,55,0,55,-34,0,0,,,,,ARNOLD PALMER,PARKLAND,BERMUDA,FLORIDA,HARD,FAIR,4,ARNOLD PALMER INVITATIONAL,, (0),
,,,,,87,74,,52,,,,,,,,,,87,29,,,33.51666667,,0,,,,,,,,,,,,,,0,0,,,0,0,,,0,#N/A,200,3,,,,-,,,,,,,,,,,,,,0.00%,,,,,,,,,,,,,,,,,,,,,,,,,,,,,,,,,,,,,,0,0,0,0,0,0,0,0,0,1,0,18,18,22,19,20,20,20,72,0,0,0,0,,,#DIV/0!,#DIV/0!,,,55,0,55,-34,0,0,,,,,ARNOLD PALMER,PARKLAND,BERMUDA,FLORIDA,HARD,FAIR,4,ARNOLD PALMER INVITATIONAL,, (0),
,,,,,88,74,,52,,,,,,,,,,88,29,,,33.36666667,,0,,,,,,,,,,,,,,0,0,,,0,0,,,0,#N/A,200,3,,,,-,,,,,,,,,,,,,,0.00%,,,,,,,,,,,,,,,,,,,,,,,,,,,,,,,,,,,,,,0,0,0,0,0,0,0,0,0,1,0,18,18,22,19,20,20,20,72,0,0,0,0,,,#DIV/0!,#DIV/0!,,,55,0,55,-34,0,0,,,,,ARNOLD PALMER,PARKLAND,BERMUDA,FLORIDA,HARD,FAIR,4,ARNOLD PALMER INVITATIONAL,, (0),
,,,,,89,74,,52,,,,,,,,,,89,30,,,33.21666667,,0,,,,,,,,,,,,,,0,0,,,0,0,,,0,#N/A,,,,,,,,,,,,,,,,,,,,0.00%,,,,,,,,,,,,,,,,,,,,,,,,,,,,,,,,,,,,,,0,0,0,0,0,0,0,0,0,1,0,18,18,22,19,20,20,20,72,0,0,0,0,,,#DIV/0!,#DIV/0!,,,55,0,55,-34,0,0,,,,,ARNOLD PALMER,PARKLAND,BERMUDA,FLORIDA,HARD,FAIR,4,ARNOLD PALMER INVITATIONAL,, (0),
,,,,,90,74,,52,,,,,,,,,,90,30,,,33.06666667,,0,,,,,,,,,,,,,,0,0,,,0,0,,,0,#N/A,,,,,,,,,,,,,,,,,,,,0.00%,,,,,,,,,,,,,,,,,,,,,,,,,,,,,,,,,,,,,,0,0,0,0,0,0,0,0,0,1,0,18,18,22,19,20,20,20,72,0,0,0,0,,,#DIV/0!,#DIV/0!,,,55,0,55,-34,0,0,,,,,ARNOLD PALMER,PARKLAND,BERMUDA,FLORIDA,HARD,FAIR,4,ARNOLD PALMER INVITATIONAL,, (0),
,,,,,91,74,,52,,,,,,,,,,91,30,,,32.91666667,,0,,,,,,,,,,,,,,0,0,,,0,0,,,0,#N/A,,,,,,,,,,,,,,,,,,,,0.00%,,,,,,,,,,,,,,,,,,,,,,,,,,,,,,,,,,,,,,0,0,0,0,0,0,0,0,0,1,0,18,18,22,19,20,20,20,72,0,0,0,0,,,#DIV/0!,#DIV/0!,,,55,0,55,-34,0,0,,,,,ARNOLD PALMER,PARKLAND,BERMUDA,FLORIDA,HARD,FAIR,4,ARNOLD PALMER INVITATIONAL,, (0),
,,,,,92,74,,52,,,,,,,,,,92,31,,,32.76666667,,0,,,,,,,,,,,,,,0,0,,,0,0,,,0,#N/A,,,,,,,,,,,,,,,,,,,,0.00%,,,,,,,,,,,,,,,,,,,,,,,,,,,,,,,,,,,,,,0,0,0,0,0,0,0,0,0,1,0,18,18,22,19,20,20,20,72,0,0,0,0,,,#DIV/0!,#DIV/0!,,,55,0,55,-34,0,0,,,,,ARNOLD PALMER,PARKLAND,BERMUDA,FLORIDA,HARD,FAIR,4,ARNOLD PALMER INVITATIONAL,, (0),
,,,,,93,74,,52,,,,,,,,,,93,31,,,32.61666667,,0,,,,,,,,,,,,,,0,0,,,0,0,,,0,#N/A,,,,,,,,,,,,,,,,,,,,0.00%,,,,,,,,,,,,,,,,,,,,,,,,,,,,,,,,,,,,,,0,0,0,0,0,0,0,0,0,1,0,18,18,22,19,20,20,20,72,0,0,0,0,,,#DIV/0!,#DIV/0!,,,55,0,55,-34,0,0,,,,,ARNOLD PALMER,PARKLAND,BERMUDA,FLORIDA,HARD,FAIR,4,ARNOLD PALMER INVITATIONAL,, (0),
,,,,,94,74,,52,,,,,,,,,,94,31,,,32.46666667,,0,,,,,,,,,,,,,,0,0,,,0,0,,,0,#N/A,,,,,,,,,,,,,,,,,,,,0.00%,,,,,,,,,,,,,,,,,,,,,,,,,,,,,,,,,,,,,,0,0,0,0,0,0,0,0,0,1,0,18,18,22,19,20,20,20,72,0,0,0,0,,,#DIV/0!,#DIV/0!,,,55,0,55,-34,0,0,,,,,ARNOLD PALMER,PARKLAND,BERMUDA,FLORIDA,HARD,FAIR,4,ARNOLD PALMER INVITATIONAL,, (0),
,,,,,95,74,,52,,,,,,,,,,95,32,,,32.31666667,,0,,,,,,,,,,,,,,0,0,,,0,0,,,0,#N/A,,,,,,,,,,,,,,,,,,,,0.00%,,,,,,,,,,,,,,,,,,,,,,,,,,,,,,,,,,,,,,0,0,0,0,0,0,0,0,0,1,0,18,18,22,19,20,20,20,72,0,0,0,0,,,#DIV/0!,#DIV/0!,,,55,0,55,-34,0,0,,,,,ARNOLD PALMER,PARKLAND,BERMUDA,FLORIDA,HARD,FAIR,4,ARNOLD PALMER INVITATIONAL,, (0),
,,,,,96,74,,52,,,,,,,,,,96,32,,,32.16666667,,0,,,,,,,,,,,,,,0,0,,,0,0,,,0,#N/A,,,,,,,,,,,,,,,,,,,,0.00%,,,,,,,,,,,,,,,,,,,,,,,,,,,,,,,,,,,,,,0,0,0,0,0,0,0,0,0,1,0,18,18,22,19,20,20,20,72,0,0,0,0,,,#DIV/0!,#DIV/0!,,,55,0,55,-34,0,0,,,,,ARNOLD PALMER,PARKLAND,BERMUDA,FLORIDA,HARD,FAIR,4,ARNOLD PALMER INVITATIONAL,, (0),
,,,,,97,74,,52,,,,,,,,,,97,32,,,32.01666667,,0,,,,,,,,,,,,,,0,0,,,0,0,,,0,#N/A,,,,,,,,,,,,,,,,,,,,0.00%,,,,,,,,,,,,,,,,,,,,,,,,,,,,,,,,,,,,,,0,0,0,0,0,0,0,0,0,1,0,18,18,22,19,20,20,20,72,0,0,0,0,,,#DIV/0!,#DIV/0!,,,55,0,55,-34,0,0,,,,,ARNOLD PALMER,PARKLAND,BERMUDA,FLORIDA,HARD,FAIR,4,ARNOLD PALMER INVITATIONAL,, (0),
,,,,,98,74,,52,,,,,,,,,,98,33,,,31.86666667,,0,,,,,,,,,,,,,,0,0,,,0,0,,,0,#N/A,,,,,,,,,,,,,,,,,,,,0.00%,,,,,,,,,,,,,,,,,,,,,,,,,,,,,,,,,,,,,,0,0,0,0,0,0,0,0,0,1,0,18,18,22,19,20,20,20,72,0,0,0,0,,,#DIV/0!,#DIV/0!,,,55,0,55,-34,0,0,,,,,ARNOLD PALMER,PARKLAND,BERMUDA,FLORIDA,HARD,FAIR,4,ARNOLD PALMER INVITATIONAL,, (0),
,,,,,99,74,,52,,,,,,,,,,99,33,,,31.71666667,,0,,,,,,,,,,,,,,0,0,,,0,0,,,0,#N/A,,,,,,,,,,,,,,,,,,,,0.00%,,,,,,,,,,,,,,,,,,,,,,,,,,,,,,,,,,,,,,0,0,0,0,0,0,0,0,0,1,0,18,18,22,19,20,20,20,72,0,0,0,0,,,#DIV/0!,#DIV/0!,,,55,0,55,-34,0,0,,,,,ARNOLD PALMER,PARKLAND,BERMUDA,FLORIDA,HARD,FAIR,4,ARNOLD PALMER INVITATIONAL,, (0),
,,,,,100,74,,52,,,,,,,,,,100,33,,,31.56929825,,0,,,,,,,,,,,,,,0,0,,,0,0,,,0,#N/A,,,,,,,,,,,,,,,,,,,,0.00%,,,,,,,,,,,,,,,,,,,,,,,,,,,,,,,,,,,,,,0,0,0,0,0,0,0,0,0,1,0,18,18,22,19,20,20,20,72,0,0,0,0,,,#DIV/0!,#DIV/0!,,,55,0,55,-34,0,0,,,,,ARNOLD PALMER,PARKLAND,BERMUDA,FLORIDA,HARD,FAIR,4,ARNOLD PALMER INVITATIONAL,, (0),
,,,,,101,74,,52,,,,,,,,,,101,34,,,31.4245614,,0,,,,,,,,,,,,,,0,0,,,0,0,,,0,#N/A,,,,,,,,,,,,,,,,,,,,0.00%,,,,,,,,,,,,,,,,,,,,,,,,,,,,,,,,,,,,,,0,0,0,0,0,0,0,0,0,1,0,18,18,22,19,20,20,20,72,0,0,0,0,,,#DIV/0!,#DIV/0!,,,55,0,55,-34,0,0,,,,,ARNOLD PALMER,PARKLAND,BERMUDA,FLORIDA,HARD,FAIR,4,ARNOLD PALMER INVITATIONAL,, (0),
,,,,,102,74,,52,,,,,,,,,,102,34,,,31.28245614,,0,,,,,,,,,,,,,,0,0,,,0,0,,,0,#N/A,,,,,,,,,,,,,,,,,,,,0.00%,,,,,,,,,,,,,,,,,,,,,,,,,,,,,,,,,,,,,,0,0,0,0,0,0,0,0,0,1,0,18,18,22,19,20,20,20,72,0,0,0,0,,,#DIV/0!,#DIV/0!,,,55,0,55,-34,0,0,,,,,ARNOLD PALMER,PARKLAND,BERMUDA,FLORIDA,HARD,FAIR,4,ARNOLD PALMER INVITATIONAL,, (0),
,,,,,103,74,,52,,,,,,,,,,103,34,,,31.14298246,,0,,,,,,,,,,,,,,0,0,,,0,0,,,0,#N/A,,,,,,,,,,,,,,,,,,,,0.00%,,,,,,,,,,,,,,,,,,,,,,,,,,,,,,,,,,,,,,0,0,0,0,0,0,0,0,0,1,0,18,18,22,19,20,20,20,72,0,0,0,0,,,#DIV/0!,#DIV/0!,,,55,0,55,-34,0,0,,,,,ARNOLD PALMER,PARKLAND,BERMUDA,FLORIDA,HARD,FAIR,4,ARNOLD PALMER INVITATIONAL,, (0),
,,,,,104,74,,52,,,,,,,,,,104,35,,,31.00614035,,0,,,,,,,,,,,,,,0,0,,,0,0,,,0,#N/A,,,,,,,,,,,,,,,,,,,,0.00%,,,,,,,,,,,,,,,,,,,,,,,,,,,,,,,,,,,,,,0,0,0,0,0,0,0,0,0,1,0,18,18,22,19,20,20,20,72,0,0,0,0,,,#DIV/0!,#DIV/0!,,,55,0,55,-34,0,0,,,,,ARNOLD PALMER,PARKLAND,BERMUDA,FLORIDA,HARD,FAIR,4,ARNOLD PALMER INVITATIONAL,, (0),
,,,,,105,74,,52,,,,,,,,,,105,35,,,30.87192982,,0,,,,,,,,,,,,,,0,0,,,0,0,,,0,#N/A,,,,,,,,,,,,,,,,,,,,0.00%,,,,,,,,,,,,,,,,,,,,,,,,,,,,,,,,,,,,,,0,0,0,0,0,0,0,0,0,1,0,18,18,22,19,20,20,20,72,0,0,0,0,,,#DIV/0!,#DIV/0!,,,55,0,55,-34,0,0,,,,,ARNOLD PALMER,PARKLAND,BERMUDA,FLORIDA,HARD,FAIR,4,ARNOLD PALMER INVITATIONAL,, (0),
,,,,,106,74,,52,,,,,,,,,,106,35,,,30.74035088,,0,,,,,,,,,,,,,,0,0,,,0,0,,,0,#N/A,,,,,,,,,,,,,,,,,,,,0.00%,,,,,,,,,,,,,,,,,,,,,,,,,,,,,,,,,,,,,,0,0,0,0,0,0,0,0,0,1,0,18,18,22,19,20,20,20,72,0,0,0,0,,,#DIV/0!,#DIV/0!,,,55,0,55,-34,0,0,,,,,ARNOLD PALMER,PARKLAND,BERMUDA,FLORIDA,HARD,FAIR,4,ARNOLD PALMER INVITATIONAL,, (0),
,,,,,107,74,,52,,,,,,,,,,107,36,,,30.61140351,,0,,,,,,,,,,,,,,0,0,,,0,0,,,0,#N/A,,,,,,,,,,,,,,,,,,,,0.00%,,,,,,,,,,,,,,,,,,,,,,,,,,,,,,,,,,,,,,0,0,0,0,0,0,0,0,0,1,0,18,18,22,19,20,20,20,72,0,0,0,0,,,#DIV/0!,#DIV/0!,,,55,0,55,-34,0,0,,,,,ARNOLD PALMER,PARKLAND,BERMUDA,FLORIDA,HARD,FAIR,4,ARNOLD PALMER INVITATIONAL,, (0),
,,,,,108,74,,52,,,,,,,,,,108,36,,,30.48508772,,0,,,,,,,,,,,,,,0,0,,,0,0,,,0,#N/A,,,,,,,,,,,,,,,,,,,,0.00%,,,,,,,,,,,,,,,,,,,,,,,,,,,,,,,,,,,,,,0,0,0,0,0,0,0,0,0,1,0,18,18,22,19,20,20,20,72,0,0,0,0,,,#DIV/0!,#DIV/0!,,,55,0,55,-34,0,0,,,,,ARNOLD PALMER,PARKLAND,BERMUDA,FLORIDA,HARD,FAIR,4,ARNOLD PALMER INVITATIONAL,, (0),
,,,,,109,74,,52,,,,,,,,,,109,36,,,30.36140351,,0,,,,,,,,,,,,,,0,0,,,0,0,,,0,#N/A,,,,,,,,,,,,,,,,,,,,0.00%,,,,,,,,,,,,,,,,,,,,,,,,,,,,,,,,,,,,,,0,0,0,0,0,0,0,0,0,1,0,18,18,22,19,20,20,20,72,0,0,0,0,,,#DIV/0!,#DIV/0!,,,55,0,55,-34,0,0,,,,,ARNOLD PALMER,PARKLAND,BERMUDA,FLORIDA,HARD,FAIR,4,ARNOLD PALMER INVITATIONAL,, (0),
,,,,,110,74,,52,,,,,,,,,,110,37,,,30.24035088,,0,,,,,,,,,,,,,,0,0,,,0,0,,,0,#N/A,,,,,,,,,,,,,,,,,,,,0.00%,,,,,,,,,,,,,,,,,,,,,,,,,,,,,,,,,,,,,,0,0,0,0,0,0,0,0,0,1,0,18,18,22,19,20,20,20,72,0,0,0,0,,,#DIV/0!,#DIV/0!,,,55,0,55,-34,0,0,,,,,ARNOLD PALMER,PARKLAND,BERMUDA,FLORIDA,HARD,FAIR,4,ARNOLD PALMER INVITATIONAL,, (0),
,,,,,111,74,,52,,,,,,,,,,111,37,,,30.12192982,,0,,,,,,,,,,,,,,0,0,,,0,0,,,0,#N/A,,,,,,,,,,,,,,,,,,,,0.00%,,,,,,,,,,,,,,,,,,,,,,,,,,,,,,,,,,,,,,0,0,0,0,0,0,0,0,0,1,0,18,18,22,19,20,20,20,72,0,0,0,0,,,#DIV/0!,#DIV/0!,,,55,0,55,-34,0,0,,,,,ARNOLD PALMER,PARKLAND,BERMUDA,FLORIDA,HARD,FAIR,4,ARNOLD PALMER INVITATIONAL,, (0),
,,,,,112,74,,52,,,,,,,,,,112,37,,,30.00614035,,0,,,,,,,,,,,,,,0,0,,,0,0,,,0,#N/A,,,,,,,,,,,,,,,,,,,,0.00%,,,,,,,,,,,,,,,,,,,,,,,,,,,,,,,,,,,,,,0,0,0,0,0,0,0,0,0,1,0,18,18,22,19,20,20,20,72,0,0,0,0,,,#DIV/0!,#DIV/0!,,,55,0,55,-34,0,0,,,,,ARNOLD PALMER,PARKLAND,BERMUDA,FLORIDA,HARD,FAIR,4,ARNOLD PALMER INVITATIONAL,, (0),
,,,,,113,74,,52,,,,,,,,,,113,38,,,29.89298246,,0,,,,,,,,,,,,,,0,0,,,0,0,,,0,#N/A,,,,,,,,,,,,,,,,,,,,0.00%,,,,,,,,,,,,,,,,,,,,,,,,,,,,,,,,,,,,,,0,0,0,0,0,0,0,0,0,1,0,18,18,22,19,20,20,20,72,0,0,0,0,,,#DIV/0!,#DIV/0!,,,55,0,55,-34,0,0,,,,,ARNOLD PALMER,PARKLAND,BERMUDA,FLORIDA,HARD,FAIR,4,ARNOLD PALMER INVITATIONAL,, (0),
,,,,,114,74,,52,,,,,,,,,,114,38,,,29.78245614,,0,,,,,,,,,,,,,,0,0,,,0,0,,,0,#N/A,,,,,,,,,,,,,,,,,,,,0.00%,,,,,,,,,,,,,,,,,,,,,,,,,,,,,,,,,,,,,,0,0,0,0,0,0,0,0,0,1,0,18,18,22,19,20,20,20,72,0,0,0,0,,,#DIV/0!,#DIV/0!,,,55,0,55,-34,0,0,,,,,ARNOLD PALMER,PARKLAND,BERMUDA,FLORIDA,HARD,FAIR,4,ARNOLD PALMER INVITATIONAL,, (0),
,,,,,115,74,,52,,,,,,,,,,115,38,,,29.6745614,,0,,,,,,,,,,,,,,0,0,,,0,0,,,0,#N/A,,,,,,,,,,,,,,,,,,,,0.00%,,,,,,,,,,,,,,,,,,,,,,,,,,,,,,,,,,,,,,0,0,0,0,0,0,0,0,0,1,0,18,18,22,19,20,20,20,72,0,0,0,0,,,#DIV/0!,#DIV/0!,,,55,0,55,-34,0,0,,,,,ARNOLD PALMER,PARKLAND,BERMUDA,FLORIDA,HARD,FAIR,4,ARNOLD PALMER INVITATIONAL,, (0),
,,,,,116,74,,52,,,,,,,,,,116,39,,,29.56929825,,0,,,,,,,,,,,,,,0,0,,,0,0,,,0,#N/A,,,,,,,,,,,,,,,,,,,,0.00%,,,,,,,,,,,,,,,,,,,,,,,,,,,,,,,,,,,,,,0,0,0,0,0,0,0,0,0,1,0,18,18,22,19,20,20,20,72,0,0,0,0,,,#DIV/0!,#DIV/0!,,,55,0,55,-34,0,0,,,,,ARNOLD PALMER,PARKLAND,BERMUDA,FLORIDA,HARD,FAIR,4,ARNOLD PALMER INVITATIONAL,, (0),
,,,,,117,74,,52,,,,,,,,,,117,39,,,29.46666667,,0,,,,,,,,,,,,,,0,0,,,0,0,,,0,#N/A,,,,,,,,,,,,,,,,,,,,0.00%,,,,,,,,,,,,,,,,,,,,,,,,,,,,,,,,,,,,,,0,0,0,0,0,0,0,0,0,1,0,18,18,22,19,20,20,20,72,0,0,0,0,,,#DIV/0!,#DIV/0!,,,55,0,55,-34,0,0,,,,,ARNOLD PALMER,PARKLAND,BERMUDA,FLORIDA,HARD,FAIR,4,ARNOLD PALMER INVITATIONAL,, (0),
,,,,,117,74,,52,,,,,,,,,,117,39,,,29.46666667,,0,,,,,,,,,,,,,,0,0,,,0,0,,,0,#N/A,,,,,,,,,,,,,,,,,,,,0.00%,,,,,,,,,,,,,,,,,,,,,,,,,,,,,,,,,,,,,,0,0,0,0,0,0,0,0,0,1,0,18,18,22,19,20,20,20,72,0,0,0,0,,,#DIV/0!,#DIV/0!,,,55,0,55,-34,0,0,,,,,ARNOLD PALMER,PARKLAND,BERMUDA,FLORIDA,HARD,FAIR,4,ARNOLD PALMER INVITATIONAL,, (0),
,,,,,117,74,,52,,,,,,,,,,117,39,,,29.46666667,,0,,,,,,,,,,,,,,0,0,,,0,0,,,0,#N/A,,,,,,,,,,,,,,,,,,,,0.00%,,,,,,,,,,,,,,,,,,,,,,,,,,,,,,,,,,,,,,0,0,0,0,0,0,0,0,0,1,0,18,18,22,19,20,20,20,72,0,0,0,0,,,#DIV/0!,#DIV/0!,,,55,0,55,-34,0,0,,,,,ARNOLD PALMER,PARKLAND,BERMUDA,FLORIDA,HARD,FAIR,4,ARNOLD PALMER INVITATIONAL,, (0),
,,,,,117,74,,52,,,,,,,,,,117,39,,,29.46666667,,0,,,,,,,,,,,,,,0,0,,,0,0,,,0,#N/A,,,,,,,,,,,,,,,,,,,,0.00%,,,,,,,,,,,,,,,,,,,,,,,,,,,,,,,,,,,,,,0,0,0,0,0,0,0,0,0,1,0,18,18,22,19,20,20,20,72,0,0,0,0,,,#DIV/0!,#DIV/0!,,,55,0,55,-34,0,0,,,,,ARNOLD PALMER,PARKLAND,BERMUDA,FLORIDA,HARD,FAIR,4,ARNOLD PALMER INVITATIONAL,, (0),
,,,,,117,74,,52,,,,,,,,,,117,39,,,29.46666667,,0,,,,,,,,,,,,,,0,0,,,0,0,,,0,#N/A,,,,,,,,,,,,,,,,,,,,0.00%,,,,,,,,,,,,,,,,,,,,,,,,,,,,,,,,,,,,,,0,0,0,0,0,0,0,0,0,1,0,18,18,22,19,20,20,20,72,0,0,0,0,,,#DIV/0!,#DIV/0!,,,55,0,55,-34,0,0,,,,,ARNOLD PALMER,PARKLAND,BERMUDA,FLORIDA,HARD,FAIR,4,ARNOLD PALMER INVITATIONAL,, (0),
,,,,,117,74,,52,,,,,,,,,,117,39,,,29.46666667,,0,,,,,,,,,,,,,,0,0,,,0,0,,,0,#N/A,,,,,,,,,,,,,,,,,,,,0.00%,,,,,,,,,,,,,,,,,,,,,,,,,,,,,,,,,,,,,,0,0,0,0,0,0,0,0,0,1,0,18,18,22,19,20,20,20,72,0,0,0,0,,,#DIV/0!,#DIV/0!,,,55,0,55,-34,0,0,,,,,ARNOLD PALMER,PARKLAND,BERMUDA,FLORIDA,HARD,FAIR,4,ARNOLD PALMER INVITATIONAL,, (0),
,,,,,117,74,,52,,,,,,,,,,117,39,,,29.46666667,,0,,,,,,,,,,,,,,0,0,,,0,0,,,0,#N/A,,,,,,,,,,,,,,,,,,,,0.00%,,,,,,,,,,,,,,,,,,,,,,,,,,,,,,,,,,,,,,0,0,0,0,0,0,0,0,0,1,0,18,18,22,19,20,20,20,72,0,0,0,0,,,#DIV/0!,#DIV/0!,,,55,0,55,-34,0,0,,,,,ARNOLD PALMER,PARKLAND,BERMUDA,FLORIDA,HARD,FAIR,4,ARNOLD PALMER INVITATIONAL,, (0),
,,,,,117,74,,52,,,,,,,,,,117,39,,,29.46666667,,0,,,,,,,,,,,,,,0,0,,,0,0,,,0,#N/A,,,,,,,,,,,,,,,,,,,,0.00%,,,,,,,,,,,,,,,,,,,,,,,,,,,,,,,,,,,,,,0,0,0,0,0,0,0,0,0,1,0,18,18,22,19,20,20,20,72,0,0,0,0,,,#DIV/0!,#DIV/0!,,,55,0,55,-34,0,0,,,,,ARNOLD PALMER,PARKLAND,BERMUDA,FLORIDA,HARD,FAIR,4,ARNOLD PALMER INVITATIONAL,, (0),
,,,,,117,74,,52,,,,,,,,,,117,39,,,29.46666667,,0,,,,,,,,,,,,,,0,0,,,0,0,,,0,#N/A,,,,,,,,,,,,,,,,,,,,0.00%,,,,,,,,,,,,,,,,,,,,,,,,,,,,,,,,,,,,,,0,0,0,0,0,0,0,0,0,1,0,18,18,22,19,20,20,20,72,0,0,0,0,,,#DIV/0!,#DIV/0!,,,55,0,55,-34,0,0,,,,,ARNOLD PALMER,PARKLAND,BERMUDA,FLORIDA,HARD,FAIR,4,ARNOLD PALMER INVITATIONAL,, (0),
,,,,,117,74,,52,,,,,,,,,,117,39,,,29.46666667,,0,,,,,,,,,,,,,,0,0,,,0,0,,,0,#N/A,,,,,,,,,,,,,,,,,,,,0.00%,,,,,,,,,,,,,,,,,,,,,,,,,,,,,,,,,,,,,,0,0,0,0,0,0,0,0,0,1,0,18,18,22,19,20,20,20,72,0,0,0,0,,,#DIV/0!,#DIV/0!,,,55,0,55,-34,0,0,,,,,ARNOLD PALMER,PARKLAND,BERMUDA,FLORIDA,HARD,FAIR,4,ARNOLD PALMER INVITATIONAL,, (0),
,,,,,117,74,,52,,,,,,,,,,117,39,,,29.46666667,,0,,,,,,,,,,,,,,0,0,,,0,0,,,0,#N/A,,,,,,,,,,,,,,,,,,,,0.00%,,,,,,,,,,,,,,,,,,,,,,,,,,,,,,,,,,,,,,0,0,0,0,0,0,0,0,0,1,0,18,18,22,19,20,20,20,72,0,0,0,0,,,#DIV/0!,#DIV/0!,,,55,0,55,-34,0,0,,,,,ARNOLD PALMER,PARKLAND,BERMUDA,FLORIDA,HARD,FAIR,4,ARNOLD PALMER INVITATIONAL,, (0),
,,,,,117,74,,52,,,,,,,,,,117,39,,,29.46666667,,0,,,,,,,,,,,,,,0,0,,,0,0,,,0,#N/A,,,,,,,,,,,,,,,,,,,,0.00%,,,,,,,,,,,,,,,,,,,,,,,,,,,,,,,,,,,,,,0,0,0,0,0,0,0,0,0,1,0,18,18,22,19,20,20,20,72,0,0,0,0,,,#DIV/0!,#DIV/0!,,,55,0,55,-34,0,0,,,,,ARNOLD PALMER,PARKLAND,BERMUDA,FLORIDA,HARD,FAIR,4,ARNOLD PALMER INVITATIONAL,, (0),
,,,,,117,74,,52,,,,,,,,,,117,39,,,29.46666667,,0,,,,,,,,,,,,,,0,0,,,0,0,,,0,#N/A,,,,,,,,,,,,,,,,,,,,0.00%,,,,,,,,,,,,,,,,,,,,,,,,,,,,,,,,,,,,,,0,0,0,0,0,0,0,0,0,1,0,18,18,22,19,20,20,20,72,0,0,0,0,,,#DIV/0!,#DIV/0!,,,55,0,55,-34,0,0,,,,,ARNOLD PALMER,PARKLAND,BERMUDA,FLORIDA,HARD,FAIR,4,ARNOLD PALMER INVITATIONAL,, (0),
,,,,,117,74,,52,,,,,,,,,,117,39,,,29.46666667,,0,,,,,,,,,,,,,,0,0,,,0,0,,,0,#N/A,,,,,,,,,,,,,,,,,,,,0.00%,,,,,,,,,,,,,,,,,,,,,,,,,,,,,,,,,,,,,,0,0,0,0,0,0,0,0,0,1,0,18,18,22,19,20,20,20,72,0,0,0,0,,,#DIV/0!,#DIV/0!,,,55,0,55,-34,0,0,,,,,ARNOLD PALMER,PARKLAND,BERMUDA,FLORIDA,HARD,FAIR,4,ARNOLD PALMER INVITATIONAL,, (0),
,,,,,117,74,,52,,,,,,,,,,117,39,,,29.46666667,,0,,,,,,,,,,,,,,0,0,,,0,0,,,0,#N/A,,,,,,,,,,,,,,,,,,,,0.00%,,,,,,,,,,,,,,,,,,,,,,,,,,,,,,,,,,,,,,0,0,0,0,0,0,0,0,0,1,0,18,18,22,19,20,20,20,72,0,0,0,0,,,#DIV/0!,#DIV/0!,,,55,0,55,-34,0,0,,,,,ARNOLD PALMER,PARKLAND,BERMUDA,FLORIDA,HARD,FAIR,4,ARNOLD PALMER INVITATIONAL,, (0),
,,,,,117,74,,52,,,,,,,,,,117,39,,,29.46666667,,0,,,,,,,,,,,,,,0,0,,,0,0,,,0,#N/A,,,,,,,,,,,,,,,,,,,,0.00%,,,,,,,,,,,,,,,,,,,,,,,,,,,,,,,,,,,,,,0,0,0,0,0,0,0,0,0,1,0,18,18,22,19,20,20,20,72,0,0,0,0,,,#DIV/0!,#DIV/0!,,,55,0,55,-34,0,0,,,,,ARNOLD PALMER,PARKLAND,BERMUDA,FLORIDA,HARD,FAIR,4,ARNOLD PALMER INVITATIONAL,, (0),
,,,,,117,74,,52,,,,,,,,,,117,39,,,29.46666667,,0,,,,,,,,,,,,,,0,0,,,0,0,,,0,#N/A,,,,,,,,,,,,,,,,,,,,0.00%,,,,,,,,,,,,,,,,,,,,,,,,,,,,,,,,,,,,,,0,0,0,0,0,0,0,0,0,1,0,18,18,22,19,20,20,20,72,0,0,0,0,,,#DIV/0!,#DIV/0!,,,55,0,55,-34,0,0,,,,,ARNOLD PALMER,PARKLAND,BERMUDA,FLORIDA,HARD,FAIR,4,ARNOLD PALMER INVITATIONAL,, (0),
,,,,,117,74,,52,,,,,,,,,,117,39,,,29.46666667,,0,,,,,,,,,,,,,,0,0,,,0,0,,,0,#N/A,,,,,,,,,,,,,,,,,,,,0.00%,,,,,,,,,,,,,,,,,,,,,,,,,,,,,,,,,,,,,,0,0,0,0,0,0,0,0,0,1,0,18,18,22,19,20,20,20,72,0,0,0,0,,,#DIV/0!,#DIV/0!,,,55,0,55,-34,0,0,,,,,ARNOLD PALMER,PARKLAND,BERMUDA,FLORIDA,HARD,FAIR,4,ARNOLD PALMER INVITATIONAL,, (0),
,,,,,117,74,,52,,,,,,,,,,117,39,,,29.46666667,,0,,,,,,,,,,,,,,0,0,,,0,0,,,0,#N/A,,,,,,,,,,,,,,,,,,,,0.00%,,,,,,,,,,,,,,,,,,,,,,,,,,,,,,,,,,,,,,0,0,0,0,0,0,0,0,0,1,0,18,18,22,19,20,20,20,72,0,0,0,0,,,#DIV/0!,#DIV/0!,,,55,0,55,-34,0,0,,,,,ARNOLD PALMER,PARKLAND,BERMUDA,FLORIDA,HARD,FAIR,4,ARNOLD PALMER INVITATIONAL,, (0),
,,,,,117,74,,52,,,,,,,,,,117,39,,,29.46666667,,0,,,,,,,,,,,,,,0,0,,,0,0,,,0,#N/A,,,,,,,,,,,,,,,,,,,,0.00%,,,,,,,,,,,,,,,,,,,,,,,,,,,,,,,,,,,,,,0,0,0,0,0,0,0,0,0,1,0,18,18,22,19,20,20,20,72,0,0,0,0,,,#DIV/0!,#DIV/0!,,,55,0,55,-34,0,0,,,,,ARNOLD PALMER,PARKLAND,BERMUDA,FLORIDA,HARD,FAIR,4,ARNOLD PALMER INVITATIONAL,, (0),
,,,,,117,74,,52,,,,,,,,,,117,39,,,29.46666667,,0,,,,,,,,,,,,,,0,0,,,0,0,,,0,#N/A,,,,,,,,,,,,,,,,,,,,0.00%,,,,,,,,,,,,,,,,,,,,,,,,,,,,,,,,,,,,,,0,0,0,0,0,0,0,0,0,1,0,18,18,22,19,20,20,20,72,0,0,0,0,,,#DIV/0!,#DIV/0!,,,55,0,55,-34,0,0,,,,,ARNOLD PALMER,PARKLAND,BERMUDA,FLORIDA,HARD,FAIR,4,ARNOLD PALMER INVITATIONAL,, (0),
,,,,,117,74,,52,,,,,,,,,,117,39,,,29.46666667,,0,,,,,,,,,,,,,,0,0,,,0,0,,,0,#N/A,,,,,,,,,,,,,,,,,,,,0.00%,,,,,,,,,,,,,,,,,,,,,,,,,,,,,,,,,,,,,,0,0,0,0,0,0,0,0,0,1,0,18,18,22,19,20,20,20,72,0,0,0,0,,,#DIV/0!,#DIV/0!,,,55,0,55,-34,0,0,,,,,ARNOLD PALMER,PARKLAND,BERMUDA,FLORIDA,HARD,FAIR,4,ARNOLD PALMER INVITATIONAL,, (0),
,,,,,139,74,,52,,,,,,,,,,139,46,,,28.89122807,,0,,,,,,,,,,,,,,0,0,,,0,0,,,0,#N/A,,,,,,,,,,,,,,,,,,,,0.00%,,,,,,,,,,,,,,,,,,,,,,,,,,,,,,,,,,,,,,0,0,0,0,0,0,0,0,0,1,0,18,18,22,19,20,20,20,72,0,0,0,0,,,#DIV/0!,#DIV/0!,,,55,0,55,-34,0,0,,,,,ARNOLD PALMER,PARKLAND,BERMUDA,FLORIDA,HARD,FAIR,4,ARNOLD PALMER INVITATIONAL,, (0),
,,,,,140,74,,52,,,,,,,,,,140,47,,,28.31578947,,0,,,,,,,,,,,,,,0,0,,,0,0,,,0,#N/A,,,,,,,,,,,,,,,,,,,,0.00%,,,,,,,,,,,,,,,,,,,,,,,,,,,,,,,,,,,,,,0,0,0,0,0,0,0,0,0,1,0,18,18,22,19,20,20,20,72,0,0,0,0,,,#DIV/0!,#DIV/0!,,,55,0,55,-34,0,0,,,,,ARNOLD PALMER,PARKLAND,BERMUDA,FLORIDA,HARD,FAIR,4,ARNOLD PALMER INVITATIONAL,, (0),
,,,,,141,74,,52,,,,,,,,,,141,47,,,28.25185185,,0,,,,,,,,,,,,,,0,0,,,0,0,,,0,#N/A,,,,,,,,,,,,,,,,,,,,0.00%,,,,,,,,,,,,,,,,,,,,,,,,,,,,,,,,,,,,,,0,0,0,0,0,0,0,0,0,1,0,18,18,22,19,20,20,20,72,0,0,0,0,,,#DIV/0!,#DIV/0!,,,55,0,55,-34,0,0,,,,,ARNOLD PALMER,PARKLAND,BERMUDA,FLORIDA,HARD,FAIR,4,ARNOLD PALMER INVITATIONAL,, (0),
,,,,,142,74,,52,,,,,,,,,,142,47,,,28.18039216,,0,,,,,,,,,,,,,,0,0,,,0,0,,,0,#N/A,,,,,,,,,,,,,,,,,,,,0.00%,,,,,,,,,,,,,,,,,,,,,,,,,,,,,,,,,,,,,,0,0,0,0,0,0,0,0,0,1,0,18,18,22,19,20,20,20,72,0,0,0,0,,,#DIV/0!,#DIV/0!,,,55,0,55,-34,0,0,,,,,ARNOLD PALMER,PARKLAND,BERMUDA,FLORIDA,HARD,FAIR,4,ARNOLD PALMER INVITATIONAL,, (0),
,,,,,143,74,,52,,,,,,,,,,143,48,,,28.1,,0,,,,,,,,,,,,,,0,0,,,0,0,,,0,#N/A,,,,,,,,,,,,,,,,,,,,0.00%,,,,,,,,,,,,,,,,,,,,,,,,,,,,,,,,,,,,,,0,0,0,0,0,0,0,0,0,1,0,18,18,22,19,20,20,20,72,0,0,0,0,,,#DIV/0!,#DIV/0!,,,55,0,55,-34,0,0,,,,,ARNOLD PALMER,PARKLAND,BERMUDA,FLORIDA,HARD,FAIR,4,ARNOLD PALMER INVITATIONAL,, (0),
,,,,,144,74,,52,,,,,,,,,,144,48,,,28.00888889,,0,,,,,,,,,,,,,,0,0,,,0,0,,,0,#N/A,,,,,,,,,,,,,,,,,,,,0.00%,,,,,,,,,,,,,,,,,,,,,,,,,,,,,,,,,,,,,,0,0,0,0,0,0,0,0,0,1,0,18,18,22,19,20,20,20,72,0,0,0,0,,,#DIV/0!,#DIV/0!,,,55,0,55,-34,0,0,,,,,ARNOLD PALMER,PARKLAND,BERMUDA,FLORIDA,HARD,FAIR,4,ARNOLD PALMER INVITATIONAL,, (0),
,,,,,145,74,,52,,,,,,,,,,145,48,,,27.9047619,,0,,,,,,,,,,,,,,0,0,,,0,0,,,0,#N/A,,,,,,,,,,,,,,,,,,,,0.00%,,,,,,,,,,,,,,,,,,,,,,,,,,,,,,,,,,,,,,0,0,0,0,0,0,0,0,0,1,0,18,18,22,19,20,20,20,72,0,0,0,0,,,#DIV/0!,#DIV/0!,,,55,0,55,-34,0,0,,,,,ARNOLD PALMER,PARKLAND,BERMUDA,FLORIDA,HARD,FAIR,4,ARNOLD PALMER INVITATIONAL,, (0),
,,,,,146,74,,52,,,,,,,,,,146,49,,,27.78461538,,0,,,,,,,,,,,,,,0,0,,,0,0,,,0,#N/A,,,,,,,,,,,,,,,,,,,,0.00%,,,,,,,,,,,,,,,,,,,,,,,,,,,,,,,,,,,,,,0,0,0,0,0,0,0,0,0,1,0,18,18,22,19,20,20,20,72,0,0,0,0,,,#DIV/0!,#DIV/0!,,,55,0,55,-34,0,0,,,,,ARNOLD PALMER,PARKLAND,BERMUDA,FLORIDA,HARD,FAIR,4,ARNOLD PALMER INVITATIONAL,, (0),
,,,,,147,74,,52,,,,,,,,,,147,49,,,27.64444444,,0,,,,,,,,,,,,,,0,0,,,0,0,,,0,#N/A,,,,,,,,,,,,,,,,,,,,0.00%,,,,,,,,,,,,,,,,,,,,,,,,,,,,,,,,,,,,,,0,0,0,0,0,0,0,0,0,1,0,18,18,22,19,20,20,20,72,0,0,0,0,,,#DIV/0!,#DIV/0!,,,55,0,55,-34,0,0,,,,,ARNOLD PALMER,PARKLAND,BERMUDA,FLORIDA,HARD,FAIR,4,ARNOLD PALMER INVITATIONAL,, (0),
,,,,,148,74,,52,,,,,,,,,,148,49,,,27.47878788,,0,,,,,,,,,,,,,,0,0,,,0,0,,,0,#N/A,,,,,,,,,,,,,,,,,,,,0.00%,,,,,,,,,,,,,,,,,,,,,,,,,,,,,,,,,,,,,,0,0,0,0,0,0,0,0,0,1,0,18,18,22,19,20,20,20,72,0,0,0,0,,,#DIV/0!,#DIV/0!,,,55,0,55,-34,0,0,,,,,ARNOLD PALMER,PARKLAND,BERMUDA,FLORIDA,HARD,FAIR,4,ARNOLD PALMER INVITATIONAL,, (0),
,,,,,149,74,,52,,,,,,,,,,149,50,,,27.28,,0,,,,,,,,,,,,,,0,0,,,0,0,,,0,#N/A,,,,,,,,,,,,,,,,,,,,0.00%,,,,,,,,,,,,,,,,,,,,,,,,,,,,,,,,,,,,,,0,0,0,0,0,0,0,0,0,1,0,18,18,22,19,20,20,20,72,0,0,0,0,,,#DIV/0!,#DIV/0!,,,55,0,55,-34,0,0,,,,,ARNOLD PALMER,PARKLAND,BERMUDA,FLORIDA,HARD,FAIR,4,ARNOLD PALMER INVITATIONAL,, (0),
,,,,,150,74,,52,,,,,,,,,,150,50,,,27.03703704,,0,,,,,,,,,,,,,,0,0,,,0,0,,,0,#N/A,,,,,,,,,,,,,,,,,,,,0.00%,,,,,,,,,,,,,,,,,,,,,,,,,,,,,,,,,,,,,,0,0,0,0,0,0,0,0,0,1,0,18,18,22,19,20,20,20,72,0,0,0,0,,,#DIV/0!,#DIV/0!,,,,0,0,-34,0,0,,,,,ARNOLD PALMER,PARKLAND,BERMUDA,FLORIDA,HARD,FAIR,4,ARNOLD PALMER INVITATIONAL,, (0),
,,,,,151,74,,52,,,,,,,,,,151,50,,,26.73333333,0,0,,,,,,,,,,,,,,0,0,,,0,0,,,0,#N/A,,,,,,,,,,,,,,,,,,,,0.00%,,,,,,,,,,,,,,,,,,,,,,,,,,,,,,,,,,,,,,0,0,0,0,0,0,0,0,0,1,0,18,18,22,19,20,20,20,72,0,0,0,0,,,#DIV/0!,#DIV/0!,,,,0,0,-34,0,0,,,,,ARNOLD PALMER,PARKLAND,BERMUDA,FLORIDA,HARD,FAIR,4,ARNOLD PALMER INVITATIONAL,, (0),
,,,,,152,74,,52,,,,,,,,,,152,51,,,26.34285714,0,0,,,,,,,,,,,,,,0,0,,,0,0,,,0,#N/A,,,,,,,,,,,,,,,,,,,,0.00%,,,,,,,,,,,,,,,,,,,,,,,,,,,,,,,,,,,,,,0,0,0,0,0,0,0,0,0,1,0,18,18,22,19,20,20,20,72,0,0,0,0,,,#DIV/0!,#DIV/0!,,,,0,0,-34,0,0,,,,,ARNOLD PALMER,PARKLAND,BERMUDA,FLORIDA,HARD,FAIR,4,ARNOLD PALMER INVITATIONAL,, (0),
,,,,,,,,,,,,,,,,,,,,,,,,,,,,,,,,,,,,,,,,,,,,,,,,,,,,,,,,,,,,,,,,,,,,,,,,,,,,,,,,,,,,,,,,,,,,,,,,,,,,,,,,,,,,,,,,,,,,,,,,,,,,,,,,,,,,,,,,,,,,,,,,,,,,,,,,,,
,,,,,,,,,,,,,,,,,,,,,,,,,,,,,,,,,,,,,,,,,,,,,,,,,,,,,,,,,,,,,,,,,,,,,,,,,,,,,,,,,,,,,,,,,,,,,,,,,,,,,,,,,,,,,,,,,,,,,,,,,,,,,,,,,,,,,,,,,,,,,,,,,,,,,,,,,,
,,,,,,,,,,,,,,,,,,,,,,,,,,,,,,,,,,,,,,,,,,,,,,,,,,,,,,,,,,,,,,,,,,,,,,,,,,,,,,,,,,,,,,,,,,,,,,,,,,,,,,,,,,,,,,,,,,,,,,,,,,,,,,,,,,,,,,,,,,,,,,,,,,,,,,,,,,
,,,,,,,,,,,,,,,,,,,,,,,,,,,,,,,,,,,,,,,,,,,,,,,,,,,,,,,,,,,,,,,,,,,,,,,,,,,,,,,,,,,,,,,,,,,,,,,,,,,,,,,,,,,,,,,,,,,,,,,,,,,,,,,,,,,,,,,,,,,,,,,,,,,,,,,,,,
,,,,,,,,,,,,,,,,,,,,,,,,,,,,,,,,,,,,,,,,,,,,,,,,,,,,,,,,,,,,,,,,,,,,,,,,,,,,,,,,,,,,,,,,,,,,,,,,,,,,,,,,,,,,,,,,,,,,,,,,,,,,,,,,,,,,,,,,,,,,,,,,,,,,,,,,,,
,,,,,,,,,,,,,,,,,,,,,,,,,,,,,,,,,,,,,,,,,,,,,,,,,,,,,,,,,,,,,,,,,,,,,,,,,,,,,,,,,,,,,,,,,,,,,,,,,,,,,,,,,,,,,,,,,,,,,,,,,,,,,,,,,,,,,,,,,,,,,,,,,,,,,,,,,,
,,,,,,,,,,,,,,,,,,,,,,,,,,,,,,,,,,,,,,,,,,,,,,,,,,,,,,,,,,,,,,,,,,,,,,,,,,,,,,,,,,,,,,,,,,,,,,,,,,,,,,,,,,,,,,,,,,,,,,,,,,,,,,,,,,,,,,,,,,,,,,,,,,,,,,,,,,
,,,,,,,,,,,,,,,,,,,,,,,,,,,,,,,,,,,,,,,,,,,,,,,,,,,,,,,,,,,,,,,,,,,,,,,,,,,,,,,,,,,,,,,,,,,,,,,,,,,,,,,,,,,,,,,,,,,,,,,,,,,,,,,,,,,,,,,,,,,,,,,,,,,,,,,,,,
,,,,,154,74,,,,,,,,,,,,154,51,,,0,0,0,,,,,,,,,,,,,,,,,,,,,,,,,,,,,,,,,,,,,,,,,,,0.00%,,,,,,,,,,,,,,,,,,,,,,,,,,,,,,,,,,,,,,0,0,0,0,0,0,0,0,0,1,0,18,18,22,19,20,20,20,72,0,0,0,0,,,#DIV/0!,#DIV/0!,,,,0,0,-34,0,0,,,,,ARNOLD PALMER,PARKLAND,BERMUDA,FLORIDA,HARD,FAIR,4,ARNOLD PALMER INVITATIONAL,, (0),
TEST,1,,1,1,1,1,46,49,1,1,1,1,1,1,1,1,1,153,1,,1,1,1,1,1,1,1,1,1,1,,12:00:00 AM,1,,1,1,1,1,1,1,1,1,1,1,1,1,1,1,1,1,1,1,1,1,1,1,1,1,1,1,1,1,1,1,1,1,1,1,1,1,1,1,1,1,1,1,1,1,1,1,1,1,1,1,1,1,1,1,,,,,,,,,,,,,,,,,,,,,,,,,,,,,,,,,,,,,,,,,,,,73,,,-1,-1,,,,,,,,ARNOLD PALMER,PARKLAND,BERMUDA,FLORIDA,HARD,FAIR,4,ARNOLD PALMER INVITATIONAL,,1 (1),